S;232;A
S;232;C
S;232;D
S;232;E
S;232;F
S;232;G
S;232;H
S;232;I
S;232;K
S;232;L
S;232;M
S;232;N
S;232;P
S;232;Q
S;232;R
S;232;T
S;232;V
S;232;W
S;232;Y
M;258;A
M;258;C
M;258;D
M;258;E
M;258;F
M;258;G
M;258;H
M;258;I
M;258;K
M;258;L
M;258;N
M;258;P
M;258;Q
M;258;R
M;258;S
M;258;T
M;258;V
M;258;W
M;258;Y
V;247;A
V;247;C
V;247;D
V;247;E
V;247;F
V;247;G
V;247;H
V;247;I
V;247;K
V;247;L
V;247;M
V;247;N
V;247;P
V;247;Q
V;247;R
V;247;S
V;247;T
V;247;W
V;247;Y
T;241;A
T;241;C
T;241;D
T;241;E
T;241;F
T;241;G
T;241;H
T;241;I
T;241;K
T;241;L
T;241;M
T;241;N
T;241;P
T;241;Q
T;241;R
T;241;S
T;241;V
T;241;W
T;241;Y
D;219;A
D;219;C
D;219;E
D;219;F
D;219;G
D;219;H
D;219;I
D;219;K
D;219;L
D;219;M
D;219;N
D;219;P
D;219;Q
D;219;R
D;219;S
D;219;T
D;219;V
D;219;W
D;219;Y
H;214;A
H;214;C
H;214;D
H;214;E
H;214;F
H;214;G
H;214;I
H;214;K
H;214;L
H;214;M
H;214;N
H;214;P
H;214;Q
H;214;R
H;214;S
H;214;T
H;214;V
H;214;W
H;214;Y
M;255;A
M;255;C
M;255;D
M;255;E
M;255;F
M;255;G
M;255;H
M;255;I
M;255;K
M;255;L
M;255;N
M;255;P
M;255;Q
M;255;R
M;255;S
M;255;T
M;255;V
M;255;W
M;255;Y
P;246;A
P;246;C
P;246;D
P;246;E
P;246;F
P;246;G
P;246;H
P;246;I
P;246;K
P;246;L
P;246;M
P;246;N
P;246;Q
P;246;R
P;246;S
P;246;T
P;246;V
P;246;W
P;246;Y
G;259;A
G;259;C
G;259;D
G;259;E
G;259;F
G;259;H
G;259;I
G;259;K
G;259;L
G;259;M
G;259;N
G;259;P
G;259;Q
G;259;R
G;259;S
G;259;T
G;259;V
G;259;W
G;259;Y
I;253;A
I;253;C
I;253;D
I;253;E
I;253;F
I;253;G
I;253;H
I;253;K
I;253;L
I;253;M
I;253;N
I;253;P
I;253;Q
I;253;R
I;253;S
I;253;T
I;253;V
I;253;W
I;253;Y
P;222;A
P;222;C
P;222;D
P;222;E
P;222;F
P;222;G
P;222;H
P;222;I
P;222;K
P;222;L
P;222;M
P;222;N
P;222;Q
P;222;R
P;222;S
P;222;T
P;222;V
P;222;W
P;222;Y
V;221;A
V;221;C
V;221;D
V;221;E
V;221;F
V;221;G
V;221;H
V;221;I
V;221;K
V;221;L
V;221;M
V;221;N
V;221;P
V;221;Q
V;221;R
V;221;S
V;221;T
V;221;W
V;221;Y
R;227;A
R;227;C
R;227;D
R;227;E
R;227;F
R;227;G
R;227;H
R;227;I
R;227;K
R;227;L
R;227;M
R;227;N
R;227;P
R;227;Q
R;227;S
R;227;T
R;227;V
R;227;W
R;227;Y
P;237;A
P;237;C
P;237;D
P;237;E
P;237;F
P;237;G
P;237;H
P;237;I
P;237;K
P;237;L
P;237;M
P;237;N
P;237;Q
P;237;R
P;237;S
P;237;T
P;237;V
P;237;W
P;237;Y
M;234;A
M;234;C
M;234;D
M;234;E
M;234;F
M;234;G
M;234;H
M;234;I
M;234;K
M;234;L
M;234;N
M;234;P
M;234;Q
M;234;R
M;234;S
M;234;T
M;234;V
M;234;W
M;234;Y
F;240;A
F;240;C
F;240;D
F;240;E
F;240;G
F;240;H
F;240;I
F;240;K
F;240;L
F;240;M
F;240;N
F;240;P
F;240;Q
F;240;R
F;240;S
F;240;T
F;240;V
F;240;W
F;240;Y
K;217;A
K;217;C
K;217;D
K;217;E
K;217;F
K;217;G
K;217;H
K;217;I
K;217;L
K;217;M
K;217;N
K;217;P
K;217;Q
K;217;R
K;217;S
K;217;T
K;217;V
K;217;W
K;217;Y
R;226;A
R;226;C
R;226;D
R;226;E
R;226;F
R;226;G
R;226;H
R;226;I
R;226;K
R;226;L
R;226;M
R;226;N
R;226;P
R;226;Q
R;226;S
R;226;T
R;226;V
R;226;W
R;226;Y
V;230;A
V;230;C
V;230;D
V;230;E
V;230;F
V;230;G
V;230;H
V;230;I
V;230;K
V;230;L
V;230;M
V;230;N
V;230;P
V;230;Q
V;230;R
V;230;S
V;230;T
V;230;W
V;230;Y
H;235;A
H;235;C
H;235;D
H;235;E
H;235;F
H;235;G
H;235;I
H;235;K
H;235;L
H;235;M
H;235;N
H;235;P
H;235;Q
H;235;R
H;235;S
H;235;T
H;235;V
H;235;W
H;235;Y
