Y;229;A
Y;229;C
Y;229;D
Y;229;E
Y;229;F
Y;229;G
Y;229;H
Y;229;I
Y;229;K
Y;229;L
Y;229;M
Y;229;N
Y;229;P
Y;229;Q
Y;229;R
Y;229;S
Y;229;T
Y;229;V
Y;229;W
N;252;A
N;252;C
N;252;D
N;252;E
N;252;F
N;252;G
N;252;H
N;252;I
N;252;K
N;252;L
N;252;M
N;252;P
N;252;Q
N;252;R
N;252;S
N;252;T
N;252;V
N;252;W
N;252;Y
M;244;A
M;244;C
M;244;D
M;244;E
M;244;F
M;244;G
M;244;H
M;244;I
M;244;K
M;244;L
M;244;N
M;244;P
M;244;Q
M;244;R
M;244;S
M;244;T
M;244;V
M;244;W
M;244;Y
M;238;A
M;238;C
M;238;D
M;238;E
M;238;F
M;238;G
M;238;H
M;238;I
M;238;K
M;238;L
M;238;N
M;238;P
M;238;Q
M;238;R
M;238;S
M;238;T
M;238;V
M;238;W
M;238;Y
S;219;A
S;219;C
S;219;D
S;219;E
S;219;F
S;219;G
S;219;H
S;219;I
S;219;K
S;219;L
S;219;M
S;219;N
S;219;P
S;219;Q
S;219;R
S;219;T
S;219;V
S;219;W
S;219;Y
H;215;A
H;215;C
H;215;D
H;215;E
H;215;F
H;215;G
H;215;I
H;215;K
H;215;L
H;215;M
H;215;N
H;215;P
H;215;Q
H;215;R
H;215;S
H;215;T
H;215;V
H;215;W
H;215;Y
Q;248;A
Q;248;C
Q;248;D
Q;248;E
Q;248;F
Q;248;G
Q;248;H
Q;248;I
Q;248;K
Q;248;L
Q;248;M
Q;248;N
Q;248;P
Q;248;R
Q;248;S
Q;248;T
Q;248;V
Q;248;W
Q;248;Y
N;243;A
N;243;C
N;243;D
N;243;E
N;243;F
N;243;G
N;243;H
N;243;I
N;243;K
N;243;L
N;243;M
N;243;P
N;243;Q
N;243;R
N;243;S
N;243;T
N;243;V
N;243;W
N;243;Y
D;214;A
D;214;C
D;214;E
D;214;F
D;214;G
D;214;H
D;214;I
D;214;K
D;214;L
D;214;M
D;214;N
D;214;P
D;214;Q
D;214;R
D;214;S
D;214;T
D;214;V
D;214;W
D;214;Y
S;253;A
S;253;C
S;253;D
S;253;E
S;253;F
S;253;G
S;253;H
S;253;I
S;253;K
S;253;L
S;253;M
S;253;N
S;253;P
S;253;Q
S;253;R
S;253;T
S;253;V
S;253;W
S;253;Y
Q;247;A
Q;247;C
Q;247;D
Q;247;E
Q;247;F
Q;247;G
Q;247;H
Q;247;I
Q;247;K
Q;247;L
Q;247;M
Q;247;N
Q;247;P
Q;247;R
Q;247;S
Q;247;T
Q;247;V
Q;247;W
Q;247;Y
V;222;A
V;222;C
V;222;D
V;222;E
V;222;F
V;222;G
V;222;H
V;222;I
V;222;K
V;222;L
V;222;M
V;222;N
V;222;P
V;222;Q
V;222;R
V;222;S
V;222;T
V;222;W
V;222;Y
D;220;A
D;220;C
D;220;E
D;220;F
D;220;G
D;220;H
D;220;I
D;220;K
D;220;L
D;220;M
D;220;N
D;220;P
D;220;Q
D;220;R
D;220;S
D;220;T
D;220;V
D;220;W
D;220;Y
S;227;A
S;227;C
S;227;D
S;227;E
S;227;F
S;227;G
S;227;H
S;227;I
S;227;K
S;227;L
S;227;M
S;227;N
S;227;P
S;227;Q
S;227;R
S;227;T
S;227;V
S;227;W
S;227;Y
K;236;A
K;236;C
K;236;D
K;236;E
K;236;F
K;236;G
K;236;H
K;236;I
K;236;L
K;236;M
K;236;N
K;236;P
K;236;Q
K;236;R
K;236;S
K;236;T
K;236;V
K;236;W
K;236;Y
E;231;A
E;231;C
E;231;D
E;231;F
E;231;G
E;231;H
E;231;I
E;231;K
E;231;L
E;231;M
E;231;N
E;231;P
E;231;Q
E;231;R
E;231;S
E;231;T
E;231;V
E;231;W
E;231;Y
S;226;A
S;226;C
S;226;D
S;226;E
S;226;F
S;226;G
S;226;H
S;226;I
S;226;K
S;226;L
S;226;M
S;226;N
S;226;P
S;226;Q
S;226;R
S;226;T
S;226;V
S;226;W
S;226;Y
I;237;A
I;237;C
I;237;D
I;237;E
I;237;F
I;237;G
I;237;H
I;237;K
I;237;L
I;237;M
I;237;N
I;237;P
I;237;Q
I;237;R
I;237;S
I;237;T
I;237;V
I;237;W
I;237;Y
K;218;A
K;218;C
K;218;D
K;218;E
K;218;F
K;218;G
K;218;H
K;218;I
K;218;L
K;218;M
K;218;N
K;218;P
K;218;Q
K;218;R
K;218;S
K;218;T
K;218;V
K;218;W
K;218;Y
G;225;A
G;225;C
G;225;D
G;225;E
G;225;F
G;225;H
G;225;I
G;225;K
G;225;L
G;225;M
G;225;N
G;225;P
G;225;Q
G;225;R
G;225;S
G;225;T
G;225;V
G;225;W
G;225;Y
