G;97;A
G;97;C
G;97;D
G;97;E
G;97;F
G;97;H
G;97;I
G;97;K
G;97;L
G;97;M
G;97;N
G;97;P
G;97;Q
G;97;R
G;97;S
G;97;T
G;97;V
G;97;W
G;97;Y
H;126;A
H;126;C
H;126;D
H;126;E
H;126;F
H;126;G
H;126;I
H;126;K
H;126;L
H;126;M
H;126;N
H;126;P
H;126;Q
H;126;R
H;126;S
H;126;T
H;126;V
H;126;W
H;126;Y
K;115;A
K;115;C
K;115;D
K;115;E
K;115;F
K;115;G
K;115;H
K;115;I
K;115;L
K;115;M
K;115;N
K;115;P
K;115;Q
K;115;R
K;115;S
K;115;T
K;115;V
K;115;W
K;115;Y
K;109;A
K;109;C
K;109;D
K;109;E
K;109;F
K;109;G
K;109;H
K;109;I
K;109;L
K;109;M
K;109;N
K;109;P
K;109;Q
K;109;R
K;109;S
K;109;T
K;109;V
K;109;W
K;109;Y
D;87;A
D;87;C
D;87;E
D;87;F
D;87;G
D;87;H
D;87;I
D;87;K
D;87;L
D;87;M
D;87;N
D;87;P
D;87;Q
D;87;R
D;87;S
D;87;T
D;87;V
D;87;W
D;87;Y
E;83;A
E;83;C
E;83;D
E;83;F
E;83;G
E;83;H
E;83;I
E;83;K
E;83;L
E;83;M
E;83;N
E;83;P
E;83;Q
E;83;R
E;83;S
E;83;T
E;83;V
E;83;W
E;83;Y
K;123;A
K;123;C
K;123;D
K;123;E
K;123;F
K;123;G
K;123;H
K;123;I
K;123;L
K;123;M
K;123;N
K;123;P
K;123;Q
K;123;R
K;123;S
K;123;T
K;123;V
K;123;W
K;123;Y
N;114;A
N;114;C
N;114;D
N;114;E
N;114;F
N;114;G
N;114;H
N;114;I
N;114;K
N;114;L
N;114;M
N;114;P
N;114;Q
N;114;R
N;114;S
N;114;T
N;114;V
N;114;W
N;114;Y
S;81;A
S;81;C
S;81;D
S;81;E
S;81;F
S;81;G
S;81;H
S;81;I
S;81;K
S;81;L
S;81;M
S;81;N
S;81;P
S;81;Q
S;81;R
S;81;T
S;81;V
S;81;W
S;81;Y
Q;127;A
Q;127;C
Q;127;D
Q;127;E
Q;127;F
Q;127;G
Q;127;H
Q;127;I
Q;127;K
Q;127;L
Q;127;M
Q;127;N
Q;127;P
Q;127;R
Q;127;S
Q;127;T
Q;127;V
Q;127;W
Q;127;Y
L;121;A
L;121;C
L;121;D
L;121;E
L;121;F
L;121;G
L;121;H
L;121;I
L;121;K
L;121;M
L;121;N
L;121;P
L;121;Q
L;121;R
L;121;S
L;121;T
L;121;V
L;121;W
L;121;Y
K;91;A
K;91;C
K;91;D
K;91;E
K;91;F
K;91;G
K;91;H
K;91;I
K;91;L
K;91;M
K;91;N
K;91;P
K;91;Q
K;91;R
K;91;S
K;91;T
K;91;V
K;91;W
K;91;Y
G;89;A
G;89;C
G;89;D
G;89;E
G;89;F
G;89;H
G;89;I
G;89;K
G;89;L
G;89;M
G;89;N
G;89;P
G;89;Q
G;89;R
G;89;S
G;89;T
G;89;V
G;89;W
G;89;Y
M;94;A
M;94;C
M;94;D
M;94;E
M;94;F
M;94;G
M;94;H
M;94;I
M;94;K
M;94;L
M;94;N
M;94;P
M;94;Q
M;94;R
M;94;S
M;94;T
M;94;V
M;94;W
M;94;Y
V;104;A
V;104;C
V;104;D
V;104;E
V;104;F
V;104;G
V;104;H
V;104;I
V;104;K
V;104;L
V;104;M
V;104;N
V;104;P
V;104;Q
V;104;R
V;104;S
V;104;T
V;104;W
V;104;Y
E;100;A
E;100;C
E;100;D
E;100;F
E;100;G
E;100;H
E;100;I
E;100;K
E;100;L
E;100;M
E;100;N
E;100;P
E;100;Q
E;100;R
E;100;S
E;100;T
E;100;V
E;100;W
E;100;Y
S;108;A
S;108;C
S;108;D
S;108;E
S;108;F
S;108;G
S;108;H
S;108;I
S;108;K
S;108;L
S;108;M
S;108;N
S;108;P
S;108;Q
S;108;R
S;108;T
S;108;V
S;108;W
S;108;Y
N;86;A
N;86;C
N;86;D
N;86;E
N;86;F
N;86;G
N;86;H
N;86;I
N;86;K
N;86;L
N;86;M
N;86;P
N;86;Q
N;86;R
N;86;S
N;86;T
N;86;V
N;86;W
N;86;Y
R;95;A
R;95;C
R;95;D
R;95;E
R;95;F
R;95;G
R;95;H
R;95;I
R;95;K
R;95;L
R;95;M
R;95;N
R;95;P
R;95;Q
R;95;S
R;95;T
R;95;V
R;95;W
R;95;Y
P;98;A
P;98;C
P;98;D
P;98;E
P;98;F
P;98;G
P;98;H
P;98;I
P;98;K
P;98;L
P;98;M
P;98;N
P;98;Q
P;98;R
P;98;S
P;98;T
P;98;V
P;98;W
P;98;Y
