T;225;A
T;225;C
T;225;D
T;225;E
T;225;F
T;225;G
T;225;H
T;225;I
T;225;K
T;225;L
T;225;M
T;225;N
T;225;P
T;225;Q
T;225;R
T;225;S
T;225;V
T;225;W
T;225;Y
N;280;A
N;280;C
N;280;D
N;280;E
N;280;F
N;280;G
N;280;H
N;280;I
N;280;K
N;280;L
N;280;M
N;280;P
N;280;Q
N;280;R
N;280;S
N;280;T
N;280;V
N;280;W
N;280;Y
T;257;A
T;257;C
T;257;D
T;257;E
T;257;F
T;257;G
T;257;H
T;257;I
T;257;K
T;257;L
T;257;M
T;257;N
T;257;P
T;257;Q
T;257;R
T;257;S
T;257;V
T;257;W
T;257;Y
Y;245;A
Y;245;C
Y;245;D
Y;245;E
Y;245;F
Y;245;G
Y;245;H
Y;245;I
Y;245;K
Y;245;L
Y;245;M
Y;245;N
Y;245;P
Y;245;Q
Y;245;R
Y;245;S
Y;245;T
Y;245;V
Y;245;W
K;203;A
K;203;C
K;203;D
K;203;E
K;203;F
K;203;G
K;203;H
K;203;I
K;203;L
K;203;M
K;203;N
K;203;P
K;203;Q
K;203;R
K;203;S
K;203;T
K;203;V
K;203;W
K;203;Y
T;194;A
T;194;C
T;194;D
T;194;E
T;194;F
T;194;G
T;194;H
T;194;I
T;194;K
T;194;L
T;194;M
T;194;N
T;194;P
T;194;Q
T;194;R
T;194;S
T;194;V
T;194;W
T;194;Y
A;272;C
A;272;D
A;272;E
A;272;F
A;272;G
A;272;H
A;272;I
A;272;K
A;272;L
A;272;M
A;272;N
A;272;P
A;272;Q
A;272;R
A;272;S
A;272;T
A;272;V
A;272;W
A;272;Y
E;255;A
E;255;C
E;255;D
E;255;F
E;255;G
E;255;H
E;255;I
E;255;K
E;255;L
E;255;M
E;255;N
E;255;P
E;255;Q
E;255;R
E;255;S
E;255;T
E;255;V
E;255;W
E;255;Y
A;191;C
A;191;D
A;191;E
A;191;F
A;191;G
A;191;H
A;191;I
A;191;K
A;191;L
A;191;M
A;191;N
A;191;P
A;191;Q
A;191;R
A;191;S
A;191;T
A;191;V
A;191;W
A;191;Y
Q;282;A
Q;282;C
Q;282;D
Q;282;E
Q;282;F
Q;282;G
Q;282;H
Q;282;I
Q;282;K
Q;282;L
Q;282;M
Q;282;N
Q;282;P
Q;282;R
Q;282;S
Q;282;T
Q;282;V
Q;282;W
Q;282;Y
G;268;A
G;268;C
G;268;D
G;268;E
G;268;F
G;268;H
G;268;I
G;268;K
G;268;L
G;268;M
G;268;N
G;268;P
G;268;Q
G;268;R
G;268;S
G;268;T
G;268;V
G;268;W
G;268;Y
G;210;A
G;210;C
G;210;D
G;210;E
G;210;F
G;210;H
G;210;I
G;210;K
G;210;L
G;210;M
G;210;N
G;210;P
G;210;Q
G;210;R
G;210;S
G;210;T
G;210;V
G;210;W
G;210;Y
A;206;C
A;206;D
A;206;E
A;206;F
A;206;G
A;206;H
A;206;I
A;206;K
A;206;L
A;206;M
A;206;N
A;206;P
A;206;Q
A;206;R
A;206;S
A;206;T
A;206;V
A;206;W
A;206;Y
G;218;A
G;218;C
G;218;D
G;218;E
G;218;F
G;218;H
G;218;I
G;218;K
G;218;L
G;218;M
G;218;N
G;218;P
G;218;Q
G;218;R
G;218;S
G;218;T
G;218;V
G;218;W
G;218;Y
T;239;A
T;239;C
T;239;D
T;239;E
T;239;F
T;239;G
T;239;H
T;239;I
T;239;K
T;239;L
T;239;M
T;239;N
T;239;P
T;239;Q
T;239;R
T;239;S
T;239;V
T;239;W
T;239;Y
Y;229;A
Y;229;C
Y;229;D
Y;229;E
Y;229;F
Y;229;G
Y;229;H
Y;229;I
Y;229;K
Y;229;L
Y;229;M
Y;229;N
Y;229;P
Y;229;Q
Y;229;R
Y;229;S
Y;229;T
Y;229;V
Y;229;W
D;217;A
D;217;C
D;217;E
D;217;F
D;217;G
D;217;H
D;217;I
D;217;K
D;217;L
D;217;M
D;217;N
D;217;P
D;217;Q
D;217;R
D;217;S
D;217;T
D;217;V
D;217;W
D;217;Y
E;246;A
E;246;C
E;246;D
E;246;F
E;246;G
E;246;H
E;246;I
E;246;K
E;246;L
E;246;M
E;246;N
E;246;P
E;246;Q
E;246;R
E;246;S
E;246;T
E;246;V
E;246;W
E;246;Y
T;201;A
T;201;C
T;201;D
T;201;E
T;201;F
T;201;G
T;201;H
T;201;I
T;201;K
T;201;L
T;201;M
T;201;N
T;201;P
T;201;Q
T;201;R
T;201;S
T;201;V
T;201;W
T;201;Y
I;216;A
I;216;C
I;216;D
I;216;E
I;216;F
I;216;G
I;216;H
I;216;K
I;216;L
I;216;M
I;216;N
I;216;P
I;216;Q
I;216;R
I;216;S
I;216;T
I;216;V
I;216;W
I;216;Y
