W;129;A
W;129;C
W;129;D
W;129;E
W;129;F
W;129;G
W;129;H
W;129;I
W;129;K
W;129;L
W;129;M
W;129;N
W;129;P
W;129;Q
W;129;R
W;129;S
W;129;T
W;129;V
W;129;Y
M;346;A
M;346;C
M;346;D
M;346;E
M;346;F
M;346;G
M;346;H
M;346;I
M;346;K
M;346;L
M;346;N
M;346;P
M;346;Q
M;346;R
M;346;S
M;346;T
M;346;V
M;346;W
M;346;Y
T;268;A
T;268;C
T;268;D
T;268;E
T;268;F
T;268;G
T;268;H
T;268;I
T;268;K
T;268;L
T;268;M
T;268;N
T;268;P
T;268;Q
T;268;R
T;268;S
T;268;V
T;268;W
T;268;Y
M;217;A
M;217;C
M;217;D
M;217;E
M;217;F
M;217;G
M;217;H
M;217;I
M;217;K
M;217;L
M;217;N
M;217;P
M;217;Q
M;217;R
M;217;S
M;217;T
M;217;V
M;217;W
M;217;Y
N;52;A
N;52;C
N;52;D
N;52;E
N;52;F
N;52;G
N;52;H
N;52;I
N;52;K
N;52;L
N;52;M
N;52;P
N;52;Q
N;52;R
N;52;S
N;52;T
N;52;V
N;52;W
N;52;Y
R;20;A
R;20;C
R;20;D
R;20;E
R;20;F
R;20;G
R;20;H
R;20;I
R;20;K
R;20;L
R;20;M
R;20;N
R;20;P
R;20;Q
R;20;S
R;20;T
R;20;V
R;20;W
R;20;Y
E;317;A
E;317;C
E;317;D
E;317;F
E;317;G
E;317;H
E;317;I
E;317;K
E;317;L
E;317;M
E;317;N
E;317;P
E;317;Q
E;317;R
E;317;S
E;317;T
E;317;V
E;317;W
E;317;Y
A;218;C
A;218;D
A;218;E
A;218;F
A;218;G
A;218;H
A;218;I
A;218;K
A;218;L
A;218;M
A;218;N
A;218;P
A;218;Q
A;218;R
A;218;S
A;218;T
A;218;V
A;218;W
A;218;Y
W;260;A
W;260;C
W;260;D
W;260;E
W;260;F
W;260;G
W;260;H
W;260;I
W;260;K
W;260;L
W;260;M
W;260;N
W;260;P
W;260;Q
W;260;R
W;260;S
W;260;T
W;260;V
W;260;Y
R;9;A
R;9;C
R;9;D
R;9;E
R;9;F
R;9;G
R;9;H
R;9;I
R;9;K
R;9;L
R;9;M
R;9;N
R;9;P
R;9;Q
R;9;S
R;9;T
R;9;V
R;9;W
R;9;Y
Y;352;A
Y;352;C
Y;352;D
Y;352;E
Y;352;F
Y;352;G
Y;352;H
Y;352;I
Y;352;K
Y;352;L
Y;352;M
Y;352;N
Y;352;P
Y;352;Q
Y;352;R
Y;352;S
Y;352;T
Y;352;V
Y;352;W
T;306;A
T;306;C
T;306;D
T;306;E
T;306;F
T;306;G
T;306;H
T;306;I
T;306;K
T;306;L
T;306;M
T;306;N
T;306;P
T;306;Q
T;306;R
T;306;S
T;306;V
T;306;W
T;306;Y
Q;75;A
Q;75;C
Q;75;D
Q;75;E
Q;75;F
Q;75;G
Q;75;H
Q;75;I
Q;75;K
Q;75;L
Q;75;M
Q;75;N
Q;75;P
Q;75;R
Q;75;S
Q;75;T
Q;75;V
Q;75;W
Q;75;Y
R;63;A
R;63;C
R;63;D
R;63;E
R;63;F
R;63;G
R;63;H
R;63;I
R;63;K
R;63;L
R;63;M
R;63;N
R;63;P
R;63;Q
R;63;S
R;63;T
R;63;V
R;63;W
R;63;Y
Y;109;A
Y;109;C
Y;109;D
Y;109;E
Y;109;F
Y;109;G
Y;109;H
Y;109;I
Y;109;K
Y;109;L
Y;109;M
Y;109;N
Y;109;P
Y;109;Q
Y;109;R
Y;109;S
Y;109;T
Y;109;V
Y;109;W
I;187;A
I;187;C
I;187;D
I;187;E
I;187;F
I;187;G
I;187;H
I;187;K
I;187;L
I;187;M
I;187;N
I;187;P
I;187;Q
I;187;R
I;187;S
I;187;T
I;187;V
I;187;W
I;187;Y
S;149;A
S;149;C
S;149;D
S;149;E
S;149;F
S;149;G
S;149;H
S;149;I
S;149;K
S;149;L
S;149;M
S;149;N
S;149;P
S;149;Q
S;149;R
S;149;T
S;149;V
S;149;W
S;149;Y
C;106;A
C;106;D
C;106;E
C;106;F
C;106;G
C;106;H
C;106;I
C;106;K
C;106;L
C;106;M
C;106;N
C;106;P
C;106;Q
C;106;R
C;106;S
C;106;T
C;106;V
C;106;W
C;106;Y
S;224;A
S;224;C
S;224;D
S;224;E
S;224;F
S;224;G
S;224;H
S;224;I
S;224;K
S;224;L
S;224;M
S;224;N
S;224;P
S;224;Q
S;224;R
S;224;T
S;224;V
S;224;W
S;224;Y
Q;45;A
Q;45;C
Q;45;D
Q;45;E
Q;45;F
Q;45;G
Q;45;H
Q;45;I
Q;45;K
Q;45;L
Q;45;M
Q;45;N
Q;45;P
Q;45;R
Q;45;S
Q;45;T
Q;45;V
Q;45;W
Q;45;Y
