Q;61;A
Q;61;C
Q;61;D
Q;61;E
Q;61;F
Q;61;G
Q;61;H
Q;61;I
Q;61;K
Q;61;L
Q;61;M
Q;61;N
Q;61;P
Q;61;R
Q;61;S
Q;61;T
Q;61;V
Q;61;W
Q;61;Y
A;160;C
A;160;D
A;160;E
A;160;F
A;160;G
A;160;H
A;160;I
A;160;K
A;160;L
A;160;M
A;160;N
A;160;P
A;160;Q
A;160;R
A;160;S
A;160;T
A;160;V
A;160;W
A;160;Y
L;119;A
L;119;C
L;119;D
L;119;E
L;119;F
L;119;G
L;119;H
L;119;I
L;119;K
L;119;M
L;119;N
L;119;P
L;119;Q
L;119;R
L;119;S
L;119;T
L;119;V
L;119;W
L;119;Y
V;95;A
V;95;C
V;95;D
V;95;E
V;95;F
V;95;G
V;95;H
V;95;I
V;95;K
V;95;L
V;95;M
V;95;N
V;95;P
V;95;Q
V;95;R
V;95;S
V;95;T
V;95;W
V;95;Y
E;33;A
E;33;C
E;33;D
E;33;F
E;33;G
E;33;H
E;33;I
E;33;K
E;33;L
E;33;M
E;33;N
E;33;P
E;33;Q
E;33;R
E;33;S
E;33;T
E;33;V
E;33;W
E;33;Y
K;16;A
K;16;C
K;16;D
K;16;E
K;16;F
K;16;G
K;16;H
K;16;I
K;16;L
K;16;M
K;16;N
K;16;P
K;16;Q
K;16;R
K;16;S
K;16;T
K;16;V
K;16;W
K;16;Y
T;146;A
T;146;C
T;146;D
T;146;E
T;146;F
T;146;G
T;146;H
T;146;I
T;146;K
T;146;L
T;146;M
T;146;N
T;146;P
T;146;Q
T;146;R
T;146;S
T;146;V
T;146;W
T;146;Y
I;114;A
I;114;C
I;114;D
I;114;E
I;114;F
I;114;G
I;114;H
I;114;K
I;114;L
I;114;M
I;114;N
I;114;P
I;114;Q
I;114;R
I;114;S
I;114;T
I;114;V
I;114;W
I;114;Y
R;10;A
R;10;C
R;10;D
R;10;E
R;10;F
R;10;G
R;10;H
R;10;I
R;10;K
R;10;L
R;10;M
R;10;N
R;10;P
R;10;Q
R;10;S
R;10;T
R;10;V
R;10;W
R;10;Y
N;162;A
N;162;C
N;162;D
N;162;E
N;162;F
N;162;G
N;162;H
N;162;I
N;162;K
N;162;L
N;162;M
N;162;P
N;162;Q
N;162;R
N;162;S
N;162;T
N;162;V
N;162;W
N;162;Y
G;140;A
G;140;C
G;140;D
G;140;E
G;140;F
G;140;H
G;140;I
G;140;K
G;140;L
G;140;M
G;140;N
G;140;P
G;140;Q
G;140;R
G;140;S
G;140;T
G;140;V
G;140;W
G;140;Y
Y;43;A
Y;43;C
Y;43;D
Y;43;E
Y;43;F
Y;43;G
Y;43;H
Y;43;I
Y;43;K
Y;43;L
Y;43;M
Y;43;N
Y;43;P
Y;43;Q
Y;43;R
Y;43;S
Y;43;T
Y;43;V
Y;43;W
S;38;A
S;38;C
S;38;D
S;38;E
S;38;F
S;38;G
S;38;H
S;38;I
S;38;K
S;38;L
S;38;M
S;38;N
S;38;P
S;38;Q
S;38;R
S;38;T
S;38;V
S;38;W
S;38;Y
S;53;A
S;53;C
S;53;D
S;53;E
S;53;F
S;53;G
S;53;H
S;53;I
S;53;K
S;53;L
S;53;M
S;53;N
S;53;P
S;53;Q
S;53;R
S;53;T
S;53;V
S;53;W
S;53;Y
C;84;A
C;84;D
C;84;E
C;84;F
C;84;G
C;84;H
C;84;I
C;84;K
C;84;L
C;84;M
C;84;N
C;84;P
C;84;Q
C;84;R
C;84;S
C;84;T
C;84;V
C;84;W
C;84;Y
D;71;A
D;71;C
D;71;E
D;71;F
D;71;G
D;71;H
D;71;I
D;71;K
D;71;L
D;71;M
D;71;N
D;71;P
D;71;Q
D;71;R
D;71;S
D;71;T
D;71;V
D;71;W
D;71;Y
L;51;A
L;51;C
L;51;D
L;51;E
L;51;F
L;51;G
L;51;H
L;51;I
L;51;K
L;51;M
L;51;N
L;51;P
L;51;Q
L;51;R
L;51;S
L;51;T
L;51;V
L;51;W
L;51;Y
L;99;A
L;99;C
L;99;D
L;99;E
L;99;F
L;99;G
L;99;H
L;99;I
L;99;K
L;99;M
L;99;N
L;99;P
L;99;Q
L;99;R
L;99;S
L;99;T
L;99;V
L;99;W
L;99;Y
K;29;A
K;29;C
K;29;D
K;29;E
K;29;F
K;29;G
K;29;H
K;29;I
K;29;L
K;29;M
K;29;N
K;29;P
K;29;Q
K;29;R
K;29;S
K;29;T
K;29;V
K;29;W
K;29;Y
E;52;A
E;52;C
E;52;D
E;52;F
E;52;G
E;52;H
E;52;I
E;52;K
E;52;L
E;52;M
E;52;N
E;52;P
E;52;Q
E;52;R
E;52;S
E;52;T
E;52;V
E;52;W
E;52;Y
