Q;317;A
Q;317;C
Q;317;D
Q;317;E
Q;317;F
Q;317;G
Q;317;H
Q;317;I
Q;317;K
Q;317;L
Q;317;M
Q;317;N
Q;317;P
Q;317;R
Q;317;S
Q;317;T
Q;317;V
Q;317;W
Q;317;Y
T;356;A
T;356;C
T;356;D
T;356;E
T;356;F
T;356;G
T;356;H
T;356;I
T;356;K
T;356;L
T;356;M
T;356;N
T;356;P
T;356;Q
T;356;R
T;356;S
T;356;V
T;356;W
T;356;Y
K;340;A
K;340;C
K;340;D
K;340;E
K;340;F
K;340;G
K;340;H
K;340;I
K;340;L
K;340;M
K;340;N
K;340;P
K;340;Q
K;340;R
K;340;S
K;340;T
K;340;V
K;340;W
K;340;Y
C;332;A
C;332;D
C;332;E
C;332;F
C;332;G
C;332;H
C;332;I
C;332;K
C;332;L
C;332;M
C;332;N
C;332;P
C;332;Q
C;332;R
C;332;S
C;332;T
C;332;V
C;332;W
C;332;Y
D;304;A
D;304;C
D;304;E
D;304;F
D;304;G
D;304;H
D;304;I
D;304;K
D;304;L
D;304;M
D;304;N
D;304;P
D;304;Q
D;304;R
D;304;S
D;304;T
D;304;V
D;304;W
D;304;Y
H;298;A
H;298;C
H;298;D
H;298;E
H;298;F
H;298;G
H;298;I
H;298;K
H;298;L
H;298;M
H;298;N
H;298;P
H;298;Q
H;298;R
H;298;S
H;298;T
H;298;V
H;298;W
H;298;Y
H;348;A
H;348;C
H;348;D
H;348;E
H;348;F
H;348;G
H;348;I
H;348;K
H;348;L
H;348;M
H;348;N
H;348;P
H;348;Q
H;348;R
H;348;S
H;348;T
H;348;V
H;348;W
H;348;Y
P;338;A
P;338;C
P;338;D
P;338;E
P;338;F
P;338;G
P;338;H
P;338;I
P;338;K
P;338;L
P;338;M
P;338;N
P;338;Q
P;338;R
P;338;S
P;338;T
P;338;V
P;338;W
P;338;Y
R;294;A
R;294;C
R;294;D
R;294;E
R;294;F
R;294;G
R;294;H
R;294;I
R;294;K
R;294;L
R;294;M
R;294;N
R;294;P
R;294;Q
R;294;S
R;294;T
R;294;V
R;294;W
R;294;Y
Y;357;A
Y;357;C
Y;357;D
Y;357;E
Y;357;F
Y;357;G
Y;357;H
Y;357;I
Y;357;K
Y;357;L
Y;357;M
Y;357;N
Y;357;P
Y;357;Q
Y;357;R
Y;357;S
Y;357;T
Y;357;V
Y;357;W
S;347;A
S;347;C
S;347;D
S;347;E
S;347;F
S;347;G
S;347;H
S;347;I
S;347;K
S;347;L
S;347;M
S;347;N
S;347;P
S;347;Q
S;347;R
S;347;T
S;347;V
S;347;W
S;347;Y
D;308;A
D;308;C
D;308;E
D;308;F
D;308;G
D;308;H
D;308;I
D;308;K
D;308;L
D;308;M
D;308;N
D;308;P
D;308;Q
D;308;R
D;308;S
D;308;T
D;308;V
D;308;W
D;308;Y
V;306;A
V;306;C
V;306;D
V;306;E
V;306;F
V;306;G
V;306;H
V;306;I
V;306;K
V;306;L
V;306;M
V;306;N
V;306;P
V;306;Q
V;306;R
V;306;S
V;306;T
V;306;W
V;306;Y
W;312;A
W;312;C
W;312;D
W;312;E
W;312;F
W;312;G
W;312;H
W;312;I
W;312;K
W;312;L
W;312;M
W;312;N
W;312;P
W;312;Q
W;312;R
W;312;S
W;312;T
W;312;V
W;312;Y
R;327;A
R;327;C
R;327;D
R;327;E
R;327;F
R;327;G
R;327;H
R;327;I
R;327;K
R;327;L
R;327;M
R;327;N
R;327;P
R;327;Q
R;327;S
R;327;T
R;327;V
R;327;W
R;327;Y
K;321;A
K;321;C
K;321;D
K;321;E
K;321;F
K;321;G
K;321;H
K;321;I
K;321;L
K;321;M
K;321;N
K;321;P
K;321;Q
K;321;R
K;321;S
K;321;T
K;321;V
K;321;W
K;321;Y
S;333;A
S;333;C
S;333;D
S;333;E
S;333;F
S;333;G
S;333;H
S;333;I
S;333;K
S;333;L
S;333;M
S;333;N
S;333;P
S;333;Q
S;333;R
S;333;T
S;333;V
S;333;W
S;333;Y
L;302;A
L;302;C
L;302;D
L;302;E
L;302;F
L;302;G
L;302;H
L;302;I
L;302;K
L;302;M
L;302;N
L;302;P
L;302;Q
L;302;R
L;302;S
L;302;T
L;302;V
L;302;W
L;302;Y
K;314;A
K;314;C
K;314;D
K;314;E
K;314;F
K;314;G
K;314;H
K;314;I
K;314;L
K;314;M
K;314;N
K;314;P
K;314;Q
K;314;R
K;314;S
K;314;T
K;314;V
K;314;W
K;314;Y
S;319;A
S;319;C
S;319;D
S;319;E
S;319;F
S;319;G
S;319;H
S;319;I
S;319;K
S;319;L
S;319;M
S;319;N
S;319;P
S;319;Q
S;319;R
S;319;T
S;319;V
S;319;W
S;319;Y
