K;49;A
K;49;C
K;49;D
K;49;E
K;49;F
K;49;G
K;49;H
K;49;I
K;49;L
K;49;M
K;49;N
K;49;P
K;49;Q
K;49;R
K;49;S
K;49;T
K;49;V
K;49;W
K;49;Y
D;136;A
D;136;C
D;136;E
D;136;F
D;136;G
D;136;H
D;136;I
D;136;K
D;136;L
D;136;M
D;136;N
D;136;P
D;136;Q
D;136;R
D;136;S
D;136;T
D;136;V
D;136;W
D;136;Y
P;106;A
P;106;C
P;106;D
P;106;E
P;106;F
P;106;G
P;106;H
P;106;I
P;106;K
P;106;L
P;106;M
P;106;N
P;106;Q
P;106;R
P;106;S
P;106;T
P;106;V
P;106;W
P;106;Y
K;85;A
K;85;C
K;85;D
K;85;E
K;85;F
K;85;G
K;85;H
K;85;I
K;85;L
K;85;M
K;85;N
K;85;P
K;85;Q
K;85;R
K;85;S
K;85;T
K;85;V
K;85;W
K;85;Y
K;17;A
K;17;C
K;17;D
K;17;E
K;17;F
K;17;G
K;17;H
K;17;I
K;17;L
K;17;M
K;17;N
K;17;P
K;17;Q
K;17;R
K;17;S
K;17;T
K;17;V
K;17;W
K;17;Y
I;5;A
I;5;C
I;5;D
I;5;E
I;5;F
I;5;G
I;5;H
I;5;K
I;5;L
I;5;M
I;5;N
I;5;P
I;5;Q
I;5;R
I;5;S
I;5;T
I;5;V
I;5;W
I;5;Y
H;123;A
H;123;C
H;123;D
H;123;E
H;123;F
H;123;G
H;123;I
H;123;K
H;123;L
H;123;M
H;123;N
H;123;P
H;123;Q
H;123;R
H;123;S
H;123;T
H;123;V
H;123;W
H;123;Y
E;86;A
E;86;C
E;86;D
E;86;F
E;86;G
E;86;H
E;86;I
E;86;K
E;86;L
E;86;M
E;86;N
E;86;P
E;86;Q
E;86;R
E;86;S
E;86;T
E;86;V
E;86;W
E;86;Y
N;103;A
N;103;C
N;103;D
N;103;E
N;103;F
N;103;G
N;103;H
N;103;I
N;103;K
N;103;L
N;103;M
N;103;P
N;103;Q
N;103;R
N;103;S
N;103;T
N;103;V
N;103;W
N;103;Y
Y;3;A
Y;3;C
Y;3;D
Y;3;E
Y;3;F
Y;3;G
Y;3;H
Y;3;I
Y;3;K
Y;3;L
Y;3;M
Y;3;N
Y;3;P
Y;3;Q
Y;3;R
Y;3;S
Y;3;T
Y;3;V
Y;3;W
L;139;A
L;139;C
L;139;D
L;139;E
L;139;F
L;139;G
L;139;H
L;139;I
L;139;K
L;139;M
L;139;N
L;139;P
L;139;Q
L;139;R
L;139;S
L;139;T
L;139;V
L;139;W
L;139;Y
W;120;A
W;120;C
W;120;D
W;120;E
W;120;F
W;120;G
W;120;H
W;120;I
W;120;K
W;120;L
W;120;M
W;120;N
W;120;P
W;120;Q
W;120;R
W;120;S
W;120;T
W;120;V
W;120;Y
W;22;A
W;22;C
W;22;D
W;22;E
W;22;F
W;22;G
W;22;H
W;22;I
W;22;K
W;22;L
W;22;M
W;22;N
W;22;P
W;22;Q
W;22;R
W;22;S
W;22;T
W;22;V
W;22;Y
N;20;A
N;20;C
N;20;D
N;20;E
N;20;F
N;20;G
N;20;H
N;20;I
N;20;K
N;20;L
N;20;M
N;20;P
N;20;Q
N;20;R
N;20;S
N;20;T
N;20;V
N;20;W
N;20;Y
P;37;A
P;37;C
P;37;D
P;37;E
P;37;F
P;37;G
P;37;H
P;37;I
P;37;K
P;37;L
P;37;M
P;37;N
P;37;Q
P;37;R
P;37;S
P;37;T
P;37;V
P;37;W
P;37;Y
F;74;A
F;74;C
F;74;D
F;74;E
F;74;G
F;74;H
F;74;I
F;74;K
F;74;L
F;74;M
F;74;N
F;74;P
F;74;Q
F;74;R
F;74;S
F;74;T
F;74;V
F;74;W
F;74;Y
K;59;A
K;59;C
K;59;D
K;59;E
K;59;F
K;59;G
K;59;H
K;59;I
K;59;L
K;59;M
K;59;N
K;59;P
K;59;Q
K;59;R
K;59;S
K;59;T
K;59;V
K;59;W
K;59;Y
V;35;A
V;35;C
V;35;D
V;35;E
V;35;F
V;35;G
V;35;H
V;35;I
V;35;K
V;35;L
V;35;M
V;35;N
V;35;P
V;35;Q
V;35;R
V;35;S
V;35;T
V;35;W
V;35;Y
T;87;A
T;87;C
T;87;D
T;87;E
T;87;F
T;87;G
T;87;H
T;87;I
T;87;K
T;87;L
T;87;M
T;87;N
T;87;P
T;87;Q
T;87;R
T;87;S
T;87;V
T;87;W
T;87;Y
W;13;A
W;13;C
W;13;D
W;13;E
W;13;F
W;13;G
W;13;H
W;13;I
W;13;K
W;13;L
W;13;M
W;13;N
W;13;P
W;13;Q
W;13;R
W;13;S
W;13;T
W;13;V
W;13;Y
