L;208;A
L;208;C
L;208;D
L;208;E
L;208;F
L;208;G
L;208;H
L;208;I
L;208;K
L;208;M
L;208;N
L;208;P
L;208;Q
L;208;R
L;208;S
L;208;T
L;208;V
L;208;W
L;208;Y
R;263;A
R;263;C
R;263;D
R;263;E
R;263;F
R;263;G
R;263;H
R;263;I
R;263;K
R;263;L
R;263;M
R;263;N
R;263;P
R;263;Q
R;263;S
R;263;T
R;263;V
R;263;W
R;263;Y
T;244;A
T;244;C
T;244;D
T;244;E
T;244;F
T;244;G
T;244;H
T;244;I
T;244;K
T;244;L
T;244;M
T;244;N
T;244;P
T;244;Q
T;244;R
T;244;S
T;244;V
T;244;W
T;244;Y
P;234;A
P;234;C
P;234;D
P;234;E
P;234;F
P;234;G
P;234;H
P;234;I
P;234;K
P;234;L
P;234;M
P;234;N
P;234;Q
P;234;R
P;234;S
P;234;T
P;234;V
P;234;W
P;234;Y
W;185;A
W;185;C
W;185;D
W;185;E
W;185;F
W;185;G
W;185;H
W;185;I
W;185;K
W;185;L
W;185;M
W;185;N
W;185;P
W;185;Q
W;185;R
W;185;S
W;185;T
W;185;V
W;185;Y
N;178;A
N;178;C
N;178;D
N;178;E
N;178;F
N;178;G
N;178;H
N;178;I
N;178;K
N;178;L
N;178;M
N;178;P
N;178;Q
N;178;R
N;178;S
N;178;T
N;178;V
N;178;W
N;178;Y
P;256;A
P;256;C
P;256;D
P;256;E
P;256;F
P;256;G
P;256;H
P;256;I
P;256;K
P;256;L
P;256;M
P;256;N
P;256;Q
P;256;R
P;256;S
P;256;T
P;256;V
P;256;W
P;256;Y
Y;242;A
Y;242;C
Y;242;D
Y;242;E
Y;242;F
Y;242;G
Y;242;H
Y;242;I
Y;242;K
Y;242;L
Y;242;M
Y;242;N
Y;242;P
Y;242;Q
Y;242;R
Y;242;S
Y;242;T
Y;242;V
Y;242;W
Y;176;A
Y;176;C
Y;176;D
Y;176;E
Y;176;F
Y;176;G
Y;176;H
Y;176;I
Y;176;K
Y;176;L
Y;176;M
Y;176;N
Y;176;P
Y;176;Q
Y;176;R
Y;176;S
Y;176;T
Y;176;V
Y;176;W
P;265;A
P;265;C
P;265;D
P;265;E
P;265;F
P;265;G
P;265;H
P;265;I
P;265;K
P;265;L
P;265;M
P;265;N
P;265;Q
P;265;R
P;265;S
P;265;T
P;265;V
P;265;W
P;265;Y
V;253;A
V;253;C
V;253;D
V;253;E
V;253;F
V;253;G
V;253;H
V;253;I
V;253;K
V;253;L
V;253;M
V;253;N
V;253;P
V;253;Q
V;253;R
V;253;S
V;253;T
V;253;W
V;253;Y
T;193;A
T;193;C
T;193;D
T;193;E
T;193;F
T;193;G
T;193;H
T;193;I
T;193;K
T;193;L
T;193;M
T;193;N
T;193;P
T;193;Q
T;193;R
T;193;S
T;193;V
T;193;W
T;193;Y
N;187;A
N;187;C
N;187;D
N;187;E
N;187;F
N;187;G
N;187;H
N;187;I
N;187;K
N;187;L
N;187;M
N;187;P
N;187;Q
N;187;R
N;187;S
N;187;T
N;187;V
N;187;W
N;187;Y
N;201;A
N;201;C
N;201;D
N;201;E
N;201;F
N;201;G
N;201;H
N;201;I
N;201;K
N;201;L
N;201;M
N;201;P
N;201;Q
N;201;R
N;201;S
N;201;T
N;201;V
N;201;W
N;201;Y
Q;227;A
Q;227;C
Q;227;D
Q;227;E
Q;227;F
Q;227;G
Q;227;H
Q;227;I
Q;227;K
Q;227;L
Q;227;M
Q;227;N
Q;227;P
Q;227;R
Q;227;S
Q;227;T
Q;227;V
Q;227;W
Q;227;Y
T;219;A
T;219;C
T;219;D
T;219;E
T;219;F
T;219;G
T;219;H
T;219;I
T;219;K
T;219;L
T;219;M
T;219;N
T;219;P
T;219;Q
T;219;R
T;219;S
T;219;V
T;219;W
T;219;Y
S;200;A
S;200;C
S;200;D
S;200;E
S;200;F
S;200;G
S;200;H
S;200;I
S;200;K
S;200;L
S;200;M
S;200;N
S;200;P
S;200;Q
S;200;R
S;200;T
S;200;V
S;200;W
S;200;Y
H;237;A
H;237;C
H;237;D
H;237;E
H;237;F
H;237;G
H;237;I
H;237;K
H;237;L
H;237;M
H;237;N
H;237;P
H;237;Q
H;237;R
H;237;S
H;237;T
H;237;V
H;237;W
H;237;Y
Y;186;A
Y;186;C
Y;186;D
Y;186;E
Y;186;F
Y;186;G
Y;186;H
Y;186;I
Y;186;K
Y;186;L
Y;186;M
Y;186;N
Y;186;P
Y;186;Q
Y;186;R
Y;186;S
Y;186;T
Y;186;V
Y;186;W
F;204;A
F;204;C
F;204;D
F;204;E
F;204;G
F;204;H
F;204;I
F;204;K
F;204;L
F;204;M
F;204;N
F;204;P
F;204;Q
F;204;R
F;204;S
F;204;T
F;204;V
F;204;W
F;204;Y
