K;1036;A
K;1036;C
K;1036;D
K;1036;E
K;1036;F
K;1036;G
K;1036;H
K;1036;I
K;1036;L
K;1036;M
K;1036;N
K;1036;P
K;1036;Q
K;1036;R
K;1036;S
K;1036;T
K;1036;V
K;1036;W
K;1036;Y
P;1092;A
P;1092;C
P;1092;D
P;1092;E
P;1092;F
P;1092;G
P;1092;H
P;1092;I
P;1092;K
P;1092;L
P;1092;M
P;1092;N
P;1092;Q
P;1092;R
P;1092;S
P;1092;T
P;1092;V
P;1092;W
P;1092;Y
K;1069;A
K;1069;C
K;1069;D
K;1069;E
K;1069;F
K;1069;G
K;1069;H
K;1069;I
K;1069;L
K;1069;M
K;1069;N
K;1069;P
K;1069;Q
K;1069;R
K;1069;S
K;1069;T
K;1069;V
K;1069;W
K;1069;Y
G;1057;A
G;1057;C
G;1057;D
G;1057;E
G;1057;F
G;1057;H
G;1057;I
G;1057;K
G;1057;L
G;1057;M
G;1057;N
G;1057;P
G;1057;Q
G;1057;R
G;1057;S
G;1057;T
G;1057;V
G;1057;W
G;1057;Y
N;1014;A
N;1014;C
N;1014;D
N;1014;E
N;1014;F
N;1014;G
N;1014;H
N;1014;I
N;1014;K
N;1014;L
N;1014;M
N;1014;P
N;1014;Q
N;1014;R
N;1014;S
N;1014;T
N;1014;V
N;1014;W
N;1014;Y
E;1004;A
E;1004;C
E;1004;D
E;1004;F
E;1004;G
E;1004;H
E;1004;I
E;1004;K
E;1004;L
E;1004;M
E;1004;N
E;1004;P
E;1004;Q
E;1004;R
E;1004;S
E;1004;T
E;1004;V
E;1004;W
E;1004;Y
G;1083;A
G;1083;C
G;1083;D
G;1083;E
G;1083;F
G;1083;H
G;1083;I
G;1083;K
G;1083;L
G;1083;M
G;1083;N
G;1083;P
G;1083;Q
G;1083;R
G;1083;S
G;1083;T
G;1083;V
G;1083;W
G;1083;Y
A;1066;C
A;1066;D
A;1066;E
A;1066;F
A;1066;G
A;1066;H
A;1066;I
A;1066;K
A;1066;L
A;1066;M
A;1066;N
A;1066;P
A;1066;Q
A;1066;R
A;1066;S
A;1066;T
A;1066;V
A;1066;W
A;1066;Y
W;1003;A
W;1003;C
W;1003;D
W;1003;E
W;1003;F
W;1003;G
W;1003;H
W;1003;I
W;1003;K
W;1003;L
W;1003;M
W;1003;N
W;1003;P
W;1003;Q
W;1003;R
W;1003;S
W;1003;T
W;1003;V
W;1003;Y
P;1094;A
P;1094;C
P;1094;D
P;1094;E
P;1094;F
P;1094;G
P;1094;H
P;1094;I
P;1094;K
P;1094;L
P;1094;M
P;1094;N
P;1094;Q
P;1094;R
P;1094;S
P;1094;T
P;1094;V
P;1094;W
P;1094;Y
Y;1079;A
Y;1079;C
Y;1079;D
Y;1079;E
Y;1079;F
Y;1079;G
Y;1079;H
Y;1079;I
Y;1079;K
Y;1079;L
Y;1079;M
Y;1079;N
Y;1079;P
Y;1079;Q
Y;1079;R
Y;1079;S
Y;1079;T
Y;1079;V
Y;1079;W
V;1020;A
V;1020;C
V;1020;D
V;1020;E
V;1020;F
V;1020;G
V;1020;H
V;1020;I
V;1020;K
V;1020;L
V;1020;M
V;1020;N
V;1020;P
V;1020;Q
V;1020;R
V;1020;S
V;1020;T
V;1020;W
V;1020;Y
K;1017;A
K;1017;C
K;1017;D
K;1017;E
K;1017;F
K;1017;G
K;1017;H
K;1017;I
K;1017;L
K;1017;M
K;1017;N
K;1017;P
K;1017;Q
K;1017;R
K;1017;S
K;1017;T
K;1017;V
K;1017;W
K;1017;Y
Y;1029;A
Y;1029;C
Y;1029;D
Y;1029;E
Y;1029;F
Y;1029;G
Y;1029;H
Y;1029;I
Y;1029;K
Y;1029;L
Y;1029;M
Y;1029;N
Y;1029;P
Y;1029;Q
Y;1029;R
Y;1029;S
Y;1029;T
Y;1029;V
Y;1029;W
N;1049;A
N;1049;C
N;1049;D
N;1049;E
N;1049;F
N;1049;G
N;1049;H
N;1049;I
N;1049;K
N;1049;L
N;1049;M
N;1049;P
N;1049;Q
N;1049;R
N;1049;S
N;1049;T
N;1049;V
N;1049;W
N;1049;Y
C;1041;A
C;1041;D
C;1041;E
C;1041;F
C;1041;G
C;1041;H
C;1041;I
C;1041;K
C;1041;L
C;1041;M
C;1041;N
C;1041;P
C;1041;Q
C;1041;R
C;1041;S
C;1041;T
C;1041;V
C;1041;W
C;1041;Y
Q;1028;A
Q;1028;C
Q;1028;D
Q;1028;E
Q;1028;F
Q;1028;G
Q;1028;H
Q;1028;I
Q;1028;K
Q;1028;L
Q;1028;M
Q;1028;N
Q;1028;P
Q;1028;R
Q;1028;S
Q;1028;T
Q;1028;V
Q;1028;W
Q;1028;Y
Y;1060;A
Y;1060;C
Y;1060;D
Y;1060;E
Y;1060;F
Y;1060;G
Y;1060;H
Y;1060;I
Y;1060;K
Y;1060;L
Y;1060;M
Y;1060;N
Y;1060;P
Y;1060;Q
Y;1060;R
Y;1060;S
Y;1060;T
Y;1060;V
Y;1060;W
L;1015;A
L;1015;C
L;1015;D
L;1015;E
L;1015;F
L;1015;G
L;1015;H
L;1015;I
L;1015;K
L;1015;M
L;1015;N
L;1015;P
L;1015;Q
L;1015;R
L;1015;S
L;1015;T
L;1015;V
L;1015;W
L;1015;Y
T;1033;A
T;1033;C
T;1033;D
T;1033;E
T;1033;F
T;1033;G
T;1033;H
T;1033;I
T;1033;K
T;1033;L
T;1033;M
T;1033;N
T;1033;P
T;1033;Q
T;1033;R
T;1033;S
T;1033;V
T;1033;W
T;1033;Y
