D;145;A
D;145;C
D;145;E
D;145;F
D;145;G
D;145;H
D;145;I
D;145;K
D;145;L
D;145;M
D;145;N
D;145;P
D;145;Q
D;145;R
D;145;S
D;145;T
D;145;V
D;145;W
D;145;Y
G;200;A
G;200;C
G;200;D
G;200;E
G;200;F
G;200;H
G;200;I
G;200;K
G;200;L
G;200;M
G;200;N
G;200;P
G;200;Q
G;200;R
G;200;S
G;200;T
G;200;V
G;200;W
G;200;Y
R;178;A
R;178;C
R;178;D
R;178;E
R;178;F
R;178;G
R;178;H
R;178;I
R;178;K
R;178;L
R;178;M
R;178;N
R;178;P
R;178;Q
R;178;S
R;178;T
R;178;V
R;178;W
R;178;Y
T;165;A
T;165;C
T;165;D
T;165;E
T;165;F
T;165;G
T;165;H
T;165;I
T;165;K
T;165;L
T;165;M
T;165;N
T;165;P
T;165;Q
T;165;R
T;165;S
T;165;V
T;165;W
T;165;Y
P;117;A
P;117;C
P;117;D
P;117;E
P;117;F
P;117;G
P;117;H
P;117;I
P;117;K
P;117;L
P;117;M
P;117;N
P;117;Q
P;117;R
P;117;S
P;117;T
P;117;V
P;117;W
P;117;Y
G;106;A
G;106;C
G;106;D
G;106;E
G;106;F
G;106;H
G;106;I
G;106;K
G;106;L
G;106;M
G;106;N
G;106;P
G;106;Q
G;106;R
G;106;S
G;106;T
G;106;V
G;106;W
G;106;Y
T;191;A
T;191;C
T;191;D
T;191;E
T;191;F
T;191;G
T;191;H
T;191;I
T;191;K
T;191;L
T;191;M
T;191;N
T;191;P
T;191;Q
T;191;R
T;191;S
T;191;V
T;191;W
T;191;Y
G;175;A
G;175;C
G;175;D
G;175;E
G;175;F
G;175;H
G;175;I
G;175;K
G;175;L
G;175;M
G;175;N
G;175;P
G;175;Q
G;175;R
G;175;S
G;175;T
G;175;V
G;175;W
G;175;Y
P;101;A
P;101;C
P;101;D
P;101;E
P;101;F
P;101;G
P;101;H
P;101;I
P;101;K
P;101;L
P;101;M
P;101;N
P;101;Q
P;101;R
P;101;S
P;101;T
P;101;V
P;101;W
P;101;Y
Y;202;A
Y;202;C
Y;202;D
Y;202;E
Y;202;F
Y;202;G
Y;202;H
Y;202;I
Y;202;K
Y;202;L
Y;202;M
Y;202;N
Y;202;P
Y;202;Q
Y;202;R
Y;202;S
Y;202;T
Y;202;V
Y;202;W
V;187;A
V;187;C
V;187;D
V;187;E
V;187;F
V;187;G
V;187;H
V;187;I
V;187;K
V;187;L
V;187;M
V;187;N
V;187;P
V;187;Q
V;187;R
V;187;S
V;187;T
V;187;W
V;187;Y
E;123;A
E;123;C
E;123;D
E;123;F
E;123;G
E;123;H
E;123;I
E;123;K
E;123;L
E;123;M
E;123;N
E;123;P
E;123;Q
E;123;R
E;123;S
E;123;T
E;123;V
E;123;W
E;123;Y
Q;119;A
Q;119;C
Q;119;D
Q;119;E
Q;119;F
Q;119;G
Q;119;H
Q;119;I
Q;119;K
Q;119;L
Q;119;M
Q;119;N
Q;119;P
Q;119;R
Q;119;S
Q;119;T
Q;119;V
Q;119;W
Q;119;Y
P;135;A
P;135;C
P;135;D
P;135;E
P;135;F
P;135;G
P;135;H
P;135;I
P;135;K
P;135;L
P;135;M
P;135;N
P;135;Q
P;135;R
P;135;S
P;135;T
P;135;V
P;135;W
P;135;Y
P;156;A
P;156;C
P;156;D
P;156;E
P;156;F
P;156;G
P;156;H
P;156;I
P;156;K
P;156;L
P;156;M
P;156;N
P;156;Q
P;156;R
P;156;S
P;156;T
P;156;V
P;156;W
P;156;Y
W;149;A
W;149;C
W;149;D
W;149;E
W;149;F
W;149;G
W;149;H
W;149;I
W;149;K
W;149;L
W;149;M
W;149;N
W;149;P
W;149;Q
W;149;R
W;149;S
W;149;T
W;149;V
W;149;Y
D;133;A
D;133;C
D;133;E
D;133;F
D;133;G
D;133;H
D;133;I
D;133;K
D;133;L
D;133;M
D;133;N
D;133;P
D;133;Q
D;133;R
D;133;S
D;133;T
D;133;V
D;133;W
D;133;Y
W;167;A
W;167;C
W;167;D
W;167;E
W;167;F
W;167;G
W;167;H
W;167;I
W;167;K
W;167;L
W;167;M
W;167;N
W;167;P
W;167;Q
W;167;R
W;167;S
W;167;T
W;167;V
W;167;Y
V;113;A
V;113;C
V;113;D
V;113;E
V;113;F
V;113;G
V;113;H
V;113;I
V;113;K
V;113;L
V;113;M
V;113;N
V;113;P
V;113;Q
V;113;R
V;113;S
V;113;T
V;113;W
V;113;Y
G;134;A
G;134;C
G;134;D
G;134;E
G;134;F
G;134;H
G;134;I
G;134;K
G;134;L
G;134;M
G;134;N
G;134;P
G;134;Q
G;134;R
G;134;S
G;134;T
G;134;V
G;134;W
G;134;Y
