G;95;A
G;95;C
G;95;D
G;95;E
G;95;F
G;95;H
G;95;I
G;95;K
G;95;L
G;95;M
G;95;N
G;95;P
G;95;Q
G;95;R
G;95;S
G;95;T
G;95;V
G;95;W
G;95;Y
S;241;A
S;241;C
S;241;D
S;241;E
S;241;F
S;241;G
S;241;H
S;241;I
S;241;K
S;241;L
S;241;M
S;241;N
S;241;P
S;241;Q
S;241;R
S;241;T
S;241;V
S;241;W
S;241;Y
I;182;A
I;182;C
I;182;D
I;182;E
I;182;F
I;182;G
I;182;H
I;182;K
I;182;L
I;182;M
I;182;N
I;182;P
I;182;Q
I;182;R
I;182;S
I;182;T
I;182;V
I;182;W
I;182;Y
N;151;A
N;151;C
N;151;D
N;151;E
N;151;F
N;151;G
N;151;H
N;151;I
N;151;K
N;151;L
N;151;M
N;151;P
N;151;Q
N;151;R
N;151;S
N;151;T
N;151;V
N;151;W
N;151;Y
P;43;A
P;43;C
P;43;D
P;43;E
P;43;F
P;43;G
P;43;H
P;43;I
P;43;K
P;43;L
P;43;M
P;43;N
P;43;Q
P;43;R
P;43;S
P;43;T
P;43;V
P;43;W
P;43;Y
S;20;A
S;20;C
S;20;D
S;20;E
S;20;F
S;20;G
S;20;H
S;20;I
S;20;K
S;20;L
S;20;M
S;20;N
S;20;P
S;20;Q
S;20;R
S;20;T
S;20;V
S;20;W
S;20;Y
Q;215;A
Q;215;C
Q;215;D
Q;215;E
Q;215;F
Q;215;G
Q;215;H
Q;215;I
Q;215;K
Q;215;L
Q;215;M
Q;215;N
Q;215;P
Q;215;R
Q;215;S
Q;215;T
Q;215;V
Q;215;W
Q;215;Y
K;170;A
K;170;C
K;170;D
K;170;E
K;170;F
K;170;G
K;170;H
K;170;I
K;170;L
K;170;M
K;170;N
K;170;P
K;170;Q
K;170;R
K;170;S
K;170;T
K;170;V
K;170;W
K;170;Y
T;11;A
T;11;C
T;11;D
T;11;E
T;11;F
T;11;G
T;11;H
T;11;I
T;11;K
T;11;L
T;11;M
T;11;N
T;11;P
T;11;Q
T;11;R
T;11;S
T;11;V
T;11;W
T;11;Y
Y;245;A
Y;245;C
Y;245;D
Y;245;E
Y;245;F
Y;245;G
Y;245;H
Y;245;I
Y;245;K
Y;245;L
Y;245;M
Y;245;N
Y;245;P
Y;245;Q
Y;245;R
Y;245;S
Y;245;T
Y;245;V
Y;245;W
I;207;A
I;207;C
I;207;D
I;207;E
I;207;F
I;207;G
I;207;H
I;207;K
I;207;L
I;207;M
I;207;N
I;207;P
I;207;Q
I;207;R
I;207;S
I;207;T
I;207;V
I;207;W
I;207;Y
F;56;A
F;56;C
F;56;D
F;56;E
F;56;G
F;56;H
F;56;I
F;56;K
F;56;L
F;56;M
F;56;N
F;56;P
F;56;Q
F;56;R
F;56;S
F;56;T
F;56;V
F;56;W
F;56;Y
Q;48;A
Q;48;C
Q;48;D
Q;48;E
Q;48;F
Q;48;G
Q;48;H
Q;48;I
Q;48;K
Q;48;L
Q;48;M
Q;48;N
Q;48;P
Q;48;R
Q;48;S
Q;48;T
Q;48;V
Q;48;W
Q;48;Y
N;78;A
N;78;C
N;78;D
N;78;E
N;78;F
N;78;G
N;78;H
N;78;I
N;78;K
N;78;L
N;78;M
N;78;P
N;78;Q
N;78;R
N;78;S
N;78;T
N;78;V
N;78;W
N;78;Y
S;136;A
S;136;C
S;136;D
S;136;E
S;136;F
S;136;G
S;136;H
S;136;I
S;136;K
S;136;L
S;136;M
S;136;N
S;136;P
S;136;Q
S;136;R
S;136;T
S;136;V
S;136;W
S;136;Y
N;107;A
N;107;C
N;107;D
N;107;E
N;107;F
N;107;G
N;107;H
N;107;I
N;107;K
N;107;L
N;107;M
N;107;P
N;107;Q
N;107;R
N;107;S
N;107;T
N;107;V
N;107;W
N;107;Y
K;75;A
K;75;C
K;75;D
K;75;E
K;75;F
K;75;G
K;75;H
K;75;I
K;75;L
K;75;M
K;75;N
K;75;P
K;75;Q
K;75;R
K;75;S
K;75;T
K;75;V
K;75;W
K;75;Y
W;153;A
W;153;C
W;153;D
W;153;E
W;153;F
W;153;G
W;153;H
W;153;I
W;153;K
W;153;L
W;153;M
W;153;N
W;153;P
W;153;Q
W;153;R
W;153;S
W;153;T
W;153;V
W;153;Y
G;37;A
G;37;C
G;37;D
G;37;E
G;37;F
G;37;H
G;37;I
G;37;K
G;37;L
G;37;M
G;37;N
G;37;P
G;37;Q
G;37;R
G;37;S
G;37;T
G;37;V
G;37;W
G;37;Y
K;77;A
K;77;C
K;77;D
K;77;E
K;77;F
K;77;G
K;77;H
K;77;I
K;77;L
K;77;M
K;77;N
K;77;P
K;77;Q
K;77;R
K;77;S
K;77;T
K;77;V
K;77;W
K;77;Y
