W;222;A
W;222;C
W;222;D
W;222;E
W;222;F
W;222;G
W;222;H
W;222;I
W;222;K
W;222;L
W;222;M
W;222;N
W;222;P
W;222;Q
W;222;R
W;222;S
W;222;T
W;222;V
W;222;Y
P;495;A
P;495;C
P;495;D
P;495;E
P;495;F
P;495;G
P;495;H
P;495;I
P;495;K
P;495;L
P;495;M
P;495;N
P;495;Q
P;495;R
P;495;S
P;495;T
P;495;V
P;495;W
P;495;Y
H;263;A
H;263;C
H;263;D
H;263;E
H;263;F
H;263;G
H;263;I
H;263;K
H;263;L
H;263;M
H;263;N
H;263;P
H;263;Q
H;263;R
H;263;S
H;263;T
H;263;V
H;263;W
H;263;Y
F;247;A
F;247;C
F;247;D
F;247;E
F;247;G
F;247;H
F;247;I
F;247;K
F;247;L
F;247;M
F;247;N
F;247;P
F;247;Q
F;247;R
F;247;S
F;247;T
F;247;V
F;247;W
F;247;Y
Y;195;A
Y;195;C
Y;195;D
Y;195;E
Y;195;F
Y;195;G
Y;195;H
Y;195;I
Y;195;K
Y;195;L
Y;195;M
Y;195;N
Y;195;P
Y;195;Q
Y;195;R
Y;195;S
Y;195;T
Y;195;V
Y;195;W
E;182;A
E;182;C
E;182;D
E;182;F
E;182;G
E;182;H
E;182;I
E;182;K
E;182;L
E;182;M
E;182;N
E;182;P
E;182;Q
E;182;R
E;182;S
E;182;T
E;182;V
E;182;W
E;182;Y
W;487;A
W;487;C
W;487;D
W;487;E
W;487;F
W;487;G
W;487;H
W;487;I
W;487;K
W;487;L
W;487;M
W;487;N
W;487;P
W;487;Q
W;487;R
W;487;S
W;487;T
W;487;V
W;487;Y
Y;260;A
Y;260;C
Y;260;D
Y;260;E
Y;260;F
Y;260;G
Y;260;H
Y;260;I
Y;260;K
Y;260;L
Y;260;M
Y;260;N
Y;260;P
Y;260;Q
Y;260;R
Y;260;S
Y;260;T
Y;260;V
Y;260;W
A;180;C
A;180;D
A;180;E
A;180;F
A;180;G
A;180;H
A;180;I
A;180;K
A;180;L
A;180;M
A;180;N
A;180;P
A;180;Q
A;180;R
A;180;S
A;180;T
A;180;V
A;180;W
A;180;Y
M;497;A
M;497;C
M;497;D
M;497;E
M;497;F
M;497;G
M;497;H
M;497;I
M;497;K
M;497;L
M;497;N
M;497;P
M;497;Q
M;497;R
M;497;S
M;497;T
M;497;V
M;497;W
M;497;Y
M;482;A
M;482;C
M;482;D
M;482;E
M;482;F
M;482;G
M;482;H
M;482;I
M;482;K
M;482;L
M;482;N
M;482;P
M;482;Q
M;482;R
M;482;S
M;482;T
M;482;V
M;482;W
M;482;Y
D;200;A
D;200;C
D;200;E
D;200;F
D;200;G
D;200;H
D;200;I
D;200;K
D;200;L
D;200;M
D;200;N
D;200;P
D;200;Q
D;200;R
D;200;S
D;200;T
D;200;V
D;200;W
D;200;Y
H;196;A
H;196;C
H;196;D
H;196;E
H;196;F
H;196;G
H;196;I
H;196;K
H;196;L
H;196;M
H;196;N
H;196;P
H;196;Q
H;196;R
H;196;S
H;196;T
H;196;V
H;196;W
H;196;Y
E;213;A
E;213;C
E;213;D
E;213;F
E;213;G
E;213;H
E;213;I
E;213;K
E;213;L
E;213;M
E;213;N
E;213;P
E;213;Q
E;213;R
E;213;S
E;213;T
E;213;V
E;213;W
E;213;Y
T;239;A
T;239;C
T;239;D
T;239;E
T;239;F
T;239;G
T;239;H
T;239;I
T;239;K
T;239;L
T;239;M
T;239;N
T;239;P
T;239;Q
T;239;R
T;239;S
T;239;V
T;239;W
T;239;Y
H;227;A
H;227;C
H;227;D
H;227;E
H;227;F
H;227;G
H;227;I
H;227;K
H;227;L
H;227;M
H;227;N
H;227;P
H;227;Q
H;227;R
H;227;S
H;227;T
H;227;V
H;227;W
H;227;Y
Q;211;A
Q;211;C
Q;211;D
Q;211;E
Q;211;F
Q;211;G
Q;211;H
Q;211;I
Q;211;K
Q;211;L
Q;211;M
Q;211;N
Q;211;P
Q;211;R
Q;211;S
Q;211;T
Q;211;V
Q;211;W
Q;211;Y
R;246;A
R;246;C
R;246;D
R;246;E
R;246;F
R;246;G
R;246;H
R;246;I
R;246;K
R;246;L
R;246;M
R;246;N
R;246;P
R;246;Q
R;246;S
R;246;T
R;246;V
R;246;W
R;246;Y
L;191;A
L;191;C
L;191;D
L;191;E
L;191;F
L;191;G
L;191;H
L;191;I
L;191;K
L;191;M
L;191;N
L;191;P
L;191;Q
L;191;R
L;191;S
L;191;T
L;191;V
L;191;W
L;191;Y
P;209;A
P;209;C
P;209;D
P;209;E
P;209;F
P;209;G
P;209;H
P;209;I
P;209;K
P;209;L
P;209;M
P;209;N
P;209;Q
P;209;R
P;209;S
P;209;T
P;209;V
P;209;W
P;209;Y
