P;60;A
P;60;C
P;60;D
P;60;E
P;60;F
P;60;G
P;60;H
P;60;I
P;60;K
P;60;L
P;60;M
P;60;N
P;60;Q
P;60;R
P;60;S
P;60;T
P;60;V
P;60;W
P;60;Y
Q;154;A
Q;154;C
Q;154;D
Q;154;E
Q;154;F
Q;154;G
Q;154;H
Q;154;I
Q;154;K
Q;154;L
Q;154;M
Q;154;N
Q;154;P
Q;154;R
Q;154;S
Q;154;T
Q;154;V
Q;154;W
Q;154;Y
F;118;A
F;118;C
F;118;D
F;118;E
F;118;G
F;118;H
F;118;I
F;118;K
F;118;L
F;118;M
F;118;N
F;118;P
F;118;Q
F;118;R
F;118;S
F;118;T
F;118;V
F;118;W
F;118;Y
Y;101;A
Y;101;C
Y;101;D
Y;101;E
Y;101;F
Y;101;G
Y;101;H
Y;101;I
Y;101;K
Y;101;L
Y;101;M
Y;101;N
Y;101;P
Y;101;Q
Y;101;R
Y;101;S
Y;101;T
Y;101;V
Y;101;W
M;28;A
M;28;C
M;28;D
M;28;E
M;28;F
M;28;G
M;28;H
M;28;I
M;28;K
M;28;L
M;28;N
M;28;P
M;28;Q
M;28;R
M;28;S
M;28;T
M;28;V
M;28;W
M;28;Y
Y;12;A
Y;12;C
Y;12;D
Y;12;E
Y;12;F
Y;12;G
Y;12;H
Y;12;I
Y;12;K
Y;12;L
Y;12;M
Y;12;N
Y;12;P
Y;12;Q
Y;12;R
Y;12;S
Y;12;T
Y;12;V
Y;12;W
G;141;A
G;141;C
G;141;D
G;141;E
G;141;F
G;141;H
G;141;I
G;141;K
G;141;L
G;141;M
G;141;N
G;141;P
G;141;Q
G;141;R
G;141;S
G;141;T
G;141;V
G;141;W
G;141;Y
E;114;A
E;114;C
E;114;D
E;114;F
E;114;G
E;114;H
E;114;I
E;114;K
E;114;L
E;114;M
E;114;N
E;114;P
E;114;Q
E;114;R
E;114;S
E;114;T
E;114;V
E;114;W
E;114;Y
Y;7;A
Y;7;C
Y;7;D
Y;7;E
Y;7;F
Y;7;G
Y;7;H
Y;7;I
Y;7;K
Y;7;L
Y;7;M
Y;7;N
Y;7;P
Y;7;Q
Y;7;R
Y;7;S
Y;7;T
Y;7;V
Y;7;W
G;157;A
G;157;C
G;157;D
G;157;E
G;157;F
G;157;H
G;157;I
G;157;K
G;157;L
G;157;M
G;157;N
G;157;P
G;157;Q
G;157;R
G;157;S
G;157;T
G;157;V
G;157;W
G;157;Y
V;135;A
V;135;C
V;135;D
V;135;E
V;135;F
V;135;G
V;135;H
V;135;I
V;135;K
V;135;L
V;135;M
V;135;N
V;135;P
V;135;Q
V;135;R
V;135;S
V;135;T
V;135;W
V;135;Y
W;37;A
W;37;C
W;37;D
W;37;E
W;37;F
W;37;G
W;37;H
W;37;I
W;37;K
W;37;L
W;37;M
W;37;N
W;37;P
W;37;Q
W;37;R
W;37;S
W;37;T
W;37;V
W;37;Y
L;33;A
L;33;C
L;33;D
L;33;E
L;33;F
L;33;G
L;33;H
L;33;I
L;33;K
L;33;M
L;33;N
L;33;P
L;33;Q
L;33;R
L;33;S
L;33;T
L;33;V
L;33;W
L;33;Y
F;49;A
F;49;C
F;49;D
F;49;E
F;49;G
F;49;H
F;49;I
F;49;K
F;49;L
F;49;M
F;49;N
F;49;P
F;49;Q
F;49;R
F;49;S
F;49;T
F;49;V
F;49;W
F;49;Y
Y;87;A
Y;87;C
Y;87;D
Y;87;E
Y;87;F
Y;87;G
Y;87;H
Y;87;I
Y;87;K
Y;87;L
Y;87;M
Y;87;N
Y;87;P
Y;87;Q
Y;87;R
Y;87;S
Y;87;T
Y;87;V
Y;87;W
S;70;A
S;70;C
S;70;D
S;70;E
S;70;F
S;70;G
S;70;H
S;70;I
S;70;K
S;70;L
S;70;M
S;70;N
S;70;P
S;70;Q
S;70;R
S;70;T
S;70;V
S;70;W
S;70;Y
E;47;A
E;47;C
E;47;D
E;47;F
E;47;G
E;47;H
E;47;I
E;47;K
E;47;L
E;47;M
E;47;N
E;47;P
E;47;Q
E;47;R
E;47;S
E;47;T
E;47;V
E;47;W
E;47;Y
E;105;A
E;105;C
E;105;D
E;105;F
E;105;G
E;105;H
E;105;I
E;105;K
E;105;L
E;105;M
E;105;N
E;105;P
E;105;Q
E;105;R
E;105;S
E;105;T
E;105;V
E;105;W
E;105;Y
I;27;A
I;27;C
I;27;D
I;27;E
I;27;F
I;27;G
I;27;H
I;27;K
I;27;L
I;27;M
I;27;N
I;27;P
I;27;Q
I;27;R
I;27;S
I;27;T
I;27;V
I;27;W
I;27;Y
S;52;A
S;52;C
S;52;D
S;52;E
S;52;F
S;52;G
S;52;H
S;52;I
S;52;K
S;52;L
S;52;M
S;52;N
S;52;P
S;52;Q
S;52;R
S;52;T
S;52;V
S;52;W
S;52;Y
