L;269;A
L;269;C
L;269;D
L;269;E
L;269;F
L;269;G
L;269;H
L;269;I
L;269;K
L;269;M
L;269;N
L;269;P
L;269;Q
L;269;R
L;269;S
L;269;T
L;269;V
L;269;W
L;269;Y
W;306;A
W;306;C
W;306;D
W;306;E
W;306;F
W;306;G
W;306;H
W;306;I
W;306;K
W;306;L
W;306;M
W;306;N
W;306;P
W;306;Q
W;306;R
W;306;S
W;306;T
W;306;V
W;306;Y
C;289;A
C;289;D
C;289;E
C;289;F
C;289;G
C;289;H
C;289;I
C;289;K
C;289;L
C;289;M
C;289;N
C;289;P
C;289;Q
C;289;R
C;289;S
C;289;T
C;289;V
C;289;W
C;289;Y
C;280;A
C;280;D
C;280;E
C;280;F
C;280;G
C;280;H
C;280;I
C;280;K
C;280;L
C;280;M
C;280;N
C;280;P
C;280;Q
C;280;R
C;280;S
C;280;T
C;280;V
C;280;W
C;280;Y
V;255;A
V;255;C
V;255;D
V;255;E
V;255;F
V;255;G
V;255;H
V;255;I
V;255;K
V;255;L
V;255;M
V;255;N
V;255;P
V;255;Q
V;255;R
V;255;S
V;255;T
V;255;W
V;255;Y
L;249;A
L;249;C
L;249;D
L;249;E
L;249;F
L;249;G
L;249;H
L;249;I
L;249;K
L;249;M
L;249;N
L;249;P
L;249;Q
L;249;R
L;249;S
L;249;T
L;249;V
L;249;W
L;249;Y
R;294;A
R;294;C
R;294;D
R;294;E
R;294;F
R;294;G
R;294;H
R;294;I
R;294;K
R;294;L
R;294;M
R;294;N
R;294;P
R;294;Q
R;294;S
R;294;T
R;294;V
R;294;W
R;294;Y
P;288;A
P;288;C
P;288;D
P;288;E
P;288;F
P;288;G
P;288;H
P;288;I
P;288;K
P;288;L
P;288;M
P;288;N
P;288;Q
P;288;R
P;288;S
P;288;T
P;288;V
P;288;W
P;288;Y
C;248;A
C;248;D
C;248;E
C;248;F
C;248;G
C;248;H
C;248;I
C;248;K
C;248;L
C;248;M
C;248;N
C;248;P
C;248;Q
C;248;R
C;248;S
C;248;T
C;248;V
C;248;W
C;248;Y
W;293;A
W;293;C
W;293;D
W;293;E
W;293;F
W;293;G
W;293;H
W;293;I
W;293;K
W;293;L
W;293;M
W;293;N
W;293;P
W;293;Q
W;293;R
W;293;S
W;293;T
W;293;V
W;293;Y
V;259;A
V;259;C
V;259;D
V;259;E
V;259;F
V;259;G
V;259;H
V;259;I
V;259;K
V;259;L
V;259;M
V;259;N
V;259;P
V;259;Q
V;259;R
V;259;S
V;259;T
V;259;W
V;259;Y
D;257;A
D;257;C
D;257;E
D;257;F
D;257;G
D;257;H
D;257;I
D;257;K
D;257;L
D;257;M
D;257;N
D;257;P
D;257;Q
D;257;R
D;257;S
D;257;T
D;257;V
D;257;W
D;257;Y
E;264;A
E;264;C
E;264;D
E;264;F
E;264;G
E;264;H
E;264;I
E;264;K
E;264;L
E;264;M
E;264;N
E;264;P
E;264;Q
E;264;R
E;264;S
E;264;T
E;264;V
E;264;W
E;264;Y
C;278;A
C;278;D
C;278;E
C;278;F
C;278;G
C;278;H
C;278;I
C;278;K
C;278;L
C;278;M
C;278;N
C;278;P
C;278;Q
C;278;R
C;278;S
C;278;T
C;278;V
C;278;W
C;278;Y
Q;274;A
Q;274;C
Q;274;D
Q;274;E
Q;274;F
Q;274;G
Q;274;H
Q;274;I
Q;274;K
Q;274;L
Q;274;M
Q;274;N
Q;274;P
Q;274;R
Q;274;S
Q;274;T
Q;274;V
Q;274;W
Q;274;Y
M;263;A
M;263;C
M;263;D
M;263;E
M;263;F
M;263;G
M;263;H
M;263;I
M;263;K
M;263;L
M;263;N
M;263;P
M;263;Q
M;263;R
M;263;S
M;263;T
M;263;V
M;263;W
M;263;Y
R;279;A
R;279;C
R;279;D
R;279;E
R;279;F
R;279;G
R;279;H
R;279;I
R;279;K
R;279;L
R;279;M
R;279;N
R;279;P
R;279;Q
R;279;S
R;279;T
R;279;V
R;279;W
R;279;Y
I;252;A
I;252;C
I;252;D
I;252;E
I;252;F
I;252;G
I;252;H
I;252;K
I;252;L
I;252;M
I;252;N
I;252;P
I;252;Q
I;252;R
I;252;S
I;252;T
I;252;V
I;252;W
I;252;Y
Q;262;A
Q;262;C
Q;262;D
Q;262;E
Q;262;F
Q;262;G
Q;262;H
Q;262;I
Q;262;K
Q;262;L
Q;262;M
Q;262;N
Q;262;P
Q;262;R
Q;262;S
Q;262;T
Q;262;V
Q;262;W
Q;262;Y
G;267;A
G;267;C
G;267;D
G;267;E
G;267;F
G;267;H
G;267;I
G;267;K
G;267;L
G;267;M
G;267;N
G;267;P
G;267;Q
G;267;R
G;267;S
G;267;T
G;267;V
G;267;W
G;267;Y
