L;55;A
L;55;C
L;55;D
L;55;E
L;55;F
L;55;G
L;55;H
L;55;I
L;55;K
L;55;M
L;55;N
L;55;P
L;55;Q
L;55;R
L;55;S
L;55;T
L;55;V
L;55;W
L;55;Y
E;105;A
E;105;C
E;105;D
E;105;F
E;105;G
E;105;H
E;105;I
E;105;K
E;105;L
E;105;M
E;105;N
E;105;P
E;105;Q
E;105;R
E;105;S
E;105;T
E;105;V
E;105;W
E;105;Y
Y;86;A
Y;86;C
Y;86;D
Y;86;E
Y;86;F
Y;86;G
Y;86;H
Y;86;I
Y;86;K
Y;86;L
Y;86;M
Y;86;N
Y;86;P
Y;86;Q
Y;86;R
Y;86;S
Y;86;T
Y;86;V
Y;86;W
N;76;A
N;76;C
N;76;D
N;76;E
N;76;F
N;76;G
N;76;H
N;76;I
N;76;K
N;76;L
N;76;M
N;76;P
N;76;Q
N;76;R
N;76;S
N;76;T
N;76;V
N;76;W
N;76;Y
N;32;A
N;32;C
N;32;D
N;32;E
N;32;F
N;32;G
N;32;H
N;32;I
N;32;K
N;32;L
N;32;M
N;32;P
N;32;Q
N;32;R
N;32;S
N;32;T
N;32;V
N;32;W
N;32;Y
P;23;A
P;23;C
P;23;D
P;23;E
P;23;F
P;23;G
P;23;H
P;23;I
P;23;K
P;23;L
P;23;M
P;23;N
P;23;Q
P;23;R
P;23;S
P;23;T
P;23;V
P;23;W
P;23;Y
N;98;A
N;98;C
N;98;D
N;98;E
N;98;F
N;98;G
N;98;H
N;98;I
N;98;K
N;98;L
N;98;M
N;98;P
N;98;Q
N;98;R
N;98;S
N;98;T
N;98;V
N;98;W
N;98;Y
N;85;A
N;85;C
N;85;D
N;85;E
N;85;F
N;85;G
N;85;H
N;85;I
N;85;K
N;85;L
N;85;M
N;85;P
N;85;Q
N;85;R
N;85;S
N;85;T
N;85;V
N;85;W
N;85;Y
I;19;A
I;19;C
I;19;D
I;19;E
I;19;F
I;19;G
I;19;H
I;19;K
I;19;L
I;19;M
I;19;N
I;19;P
I;19;Q
I;19;R
I;19;S
I;19;T
I;19;V
I;19;W
I;19;Y
F;106;A
F;106;C
F;106;D
F;106;E
F;106;G
F;106;H
F;106;I
F;106;K
F;106;L
F;106;M
F;106;N
F;106;P
F;106;Q
F;106;R
F;106;S
F;106;T
F;106;V
F;106;W
F;106;Y
Y;96;A
Y;96;C
Y;96;D
Y;96;E
Y;96;F
Y;96;G
Y;96;H
Y;96;I
Y;96;K
Y;96;L
Y;96;M
Y;96;N
Y;96;P
Y;96;Q
Y;96;R
Y;96;S
Y;96;T
Y;96;V
Y;96;W
I;39;A
I;39;C
I;39;D
I;39;E
I;39;F
I;39;G
I;39;H
I;39;K
I;39;L
I;39;M
I;39;N
I;39;P
I;39;Q
I;39;R
I;39;S
I;39;T
I;39;V
I;39;W
I;39;Y
E;35;A
E;35;C
E;35;D
E;35;F
E;35;G
E;35;H
E;35;I
E;35;K
E;35;L
E;35;M
E;35;N
E;35;P
E;35;Q
E;35;R
E;35;S
E;35;T
E;35;V
E;35;W
E;35;Y
I;36;A
I;36;C
I;36;D
I;36;E
I;36;F
I;36;G
I;36;H
I;36;K
I;36;L
I;36;M
I;36;N
I;36;P
I;36;Q
I;36;R
I;36;S
I;36;T
I;36;V
I;36;W
I;36;Y
V;47;A
V;47;C
V;47;D
V;47;E
V;47;F
V;47;G
V;47;H
V;47;I
V;47;K
V;47;L
V;47;M
V;47;N
V;47;P
V;47;Q
V;47;R
V;47;S
V;47;T
V;47;W
V;47;Y
I;68;A
I;68;C
I;68;D
I;68;E
I;68;F
I;68;G
I;68;H
I;68;K
I;68;L
I;68;M
I;68;N
I;68;P
I;68;Q
I;68;R
I;68;S
I;68;T
I;68;V
I;68;W
I;68;Y
I;61;A
I;61;C
I;61;D
I;61;E
I;61;F
I;61;G
I;61;H
I;61;K
I;61;L
I;61;M
I;61;N
I;61;P
I;61;Q
I;61;R
I;61;S
I;61;T
I;61;V
I;61;W
I;61;Y
K;46;A
K;46;C
K;46;D
K;46;E
K;46;F
K;46;G
K;46;H
K;46;I
K;46;L
K;46;M
K;46;N
K;46;P
K;46;Q
K;46;R
K;46;S
K;46;T
K;46;V
K;46;W
K;46;Y
N;77;A
N;77;C
N;77;D
N;77;E
N;77;F
N;77;G
N;77;H
N;77;I
N;77;K
N;77;L
N;77;M
N;77;P
N;77;Q
N;77;R
N;77;S
N;77;T
N;77;V
N;77;W
N;77;Y
K;31;A
K;31;C
K;31;D
K;31;E
K;31;F
K;31;G
K;31;H
K;31;I
K;31;L
K;31;M
K;31;N
K;31;P
K;31;Q
K;31;R
K;31;S
K;31;T
K;31;V
K;31;W
K;31;Y
