E;82;A
E;82;C
E;82;D
E;82;F
E;82;G
E;82;H
E;82;I
E;82;K
E;82;L
E;82;M
E;82;N
E;82;P
E;82;Q
E;82;R
E;82;S
E;82;T
E;82;V
E;82;W
E;82;Y
Y;168;A
Y;168;C
Y;168;D
Y;168;E
Y;168;F
Y;168;G
Y;168;H
Y;168;I
Y;168;K
Y;168;L
Y;168;M
Y;168;N
Y;168;P
Y;168;Q
Y;168;R
Y;168;S
Y;168;T
Y;168;V
Y;168;W
E;125;A
E;125;C
E;125;D
E;125;F
E;125;G
E;125;H
E;125;I
E;125;K
E;125;L
E;125;M
E;125;N
E;125;P
E;125;Q
E;125;R
E;125;S
E;125;T
E;125;V
E;125;W
E;125;Y
W;108;A
W;108;C
W;108;D
W;108;E
W;108;F
W;108;G
W;108;H
W;108;I
W;108;K
W;108;L
W;108;M
W;108;N
W;108;P
W;108;Q
W;108;R
W;108;S
W;108;T
W;108;V
W;108;Y
W;59;A
W;59;C
W;59;D
W;59;E
W;59;F
W;59;G
W;59;H
W;59;I
W;59;K
W;59;L
W;59;M
W;59;N
W;59;P
W;59;Q
W;59;R
W;59;S
W;59;T
W;59;V
W;59;Y
E;47;A
E;47;C
E;47;D
E;47;F
E;47;G
E;47;H
E;47;I
E;47;K
E;47;L
E;47;M
E;47;N
E;47;P
E;47;Q
E;47;R
E;47;S
E;47;T
E;47;V
E;47;W
E;47;Y
G;158;A
G;158;C
G;158;D
G;158;E
G;158;F
G;158;H
G;158;I
G;158;K
G;158;L
G;158;M
G;158;N
G;158;P
G;158;Q
G;158;R
G;158;S
G;158;T
G;158;V
G;158;W
G;158;Y
L;109;A
L;109;C
L;109;D
L;109;E
L;109;F
L;109;G
L;109;H
L;109;I
L;109;K
L;109;M
L;109;N
L;109;P
L;109;Q
L;109;R
L;109;S
L;109;T
L;109;V
L;109;W
L;109;Y
P;122;A
P;122;C
P;122;D
P;122;E
P;122;F
P;122;G
P;122;H
P;122;I
P;122;K
P;122;L
P;122;M
P;122;N
P;122;Q
P;122;R
P;122;S
P;122;T
P;122;V
P;122;W
P;122;Y
W;46;A
W;46;C
W;46;D
W;46;E
W;46;F
W;46;G
W;46;H
W;46;I
W;46;K
W;46;L
W;46;M
W;46;N
W;46;P
W;46;Q
W;46;R
W;46;S
W;46;T
W;46;V
W;46;Y
L;182;A
L;182;C
L;182;D
L;182;E
L;182;F
L;182;G
L;182;H
L;182;I
L;182;K
L;182;M
L;182;N
L;182;P
L;182;Q
L;182;R
L;182;S
L;182;T
L;182;V
L;182;W
L;182;Y
Q;152;A
Q;152;C
Q;152;D
Q;152;E
Q;152;F
Q;152;G
Q;152;H
Q;152;I
Q;152;K
Q;152;L
Q;152;M
Q;152;N
Q;152;P
Q;152;R
Q;152;S
Q;152;T
Q;152;V
Q;152;W
Q;152;Y
P;63;A
P;63;C
P;63;D
P;63;E
P;63;F
P;63;G
P;63;H
P;63;I
P;63;K
P;63;L
P;63;M
P;63;N
P;63;Q
P;63;R
P;63;S
P;63;T
P;63;V
P;63;W
P;63;Y
E;60;A
E;60;C
E;60;D
E;60;F
E;60;G
E;60;H
E;60;I
E;60;K
E;60;L
E;60;M
E;60;N
E;60;P
E;60;Q
E;60;R
E;60;S
E;60;T
E;60;V
E;60;W
E;60;Y
Y;74;A
Y;74;C
Y;74;D
Y;74;E
Y;74;F
Y;74;G
Y;74;H
Y;74;I
Y;74;K
Y;74;L
Y;74;M
Y;74;N
Y;74;P
Y;74;Q
Y;74;R
Y;74;S
Y;74;T
Y;74;V
Y;74;W
V;102;A
V;102;C
V;102;D
V;102;E
V;102;F
V;102;G
V;102;H
V;102;I
V;102;K
V;102;L
V;102;M
V;102;N
V;102;P
V;102;Q
V;102;R
V;102;S
V;102;T
V;102;W
V;102;Y
G;90;A
G;90;C
G;90;D
G;90;E
G;90;F
G;90;H
G;90;I
G;90;K
G;90;L
G;90;M
G;90;N
G;90;P
G;90;Q
G;90;R
G;90;S
G;90;T
G;90;V
G;90;W
G;90;Y
Q;73;A
Q;73;C
Q;73;D
Q;73;E
Q;73;F
Q;73;G
Q;73;H
Q;73;I
Q;73;K
Q;73;L
Q;73;M
Q;73;N
Q;73;P
Q;73;R
Q;73;S
Q;73;T
Q;73;V
Q;73;W
Q;73;Y
S;115;A
S;115;C
S;115;D
S;115;E
S;115;F
S;115;G
S;115;H
S;115;I
S;115;K
S;115;L
S;115;M
S;115;N
S;115;P
S;115;Q
S;115;R
S;115;T
S;115;V
S;115;W
S;115;Y
Q;58;A
Q;58;C
Q;58;D
Q;58;E
Q;58;F
Q;58;G
Q;58;H
Q;58;I
Q;58;K
Q;58;L
Q;58;M
Q;58;N
Q;58;P
Q;58;R
Q;58;S
Q;58;T
Q;58;V
Q;58;W
Q;58;Y
