R;1291;A
R;1291;C
R;1291;D
R;1291;E
R;1291;F
R;1291;G
R;1291;H
R;1291;I
R;1291;K
R;1291;L
R;1291;M
R;1291;N
R;1291;P
R;1291;Q
R;1291;S
R;1291;T
R;1291;V
R;1291;W
R;1291;Y
G;1339;A
G;1339;C
G;1339;D
G;1339;E
G;1339;F
G;1339;H
G;1339;I
G;1339;K
G;1339;L
G;1339;M
G;1339;N
G;1339;P
G;1339;Q
G;1339;R
G;1339;S
G;1339;T
G;1339;V
G;1339;W
G;1339;Y
A;1318;C
A;1318;D
A;1318;E
A;1318;F
A;1318;G
A;1318;H
A;1318;I
A;1318;K
A;1318;L
A;1318;M
A;1318;N
A;1318;P
A;1318;Q
A;1318;R
A;1318;S
A;1318;T
A;1318;V
A;1318;W
A;1318;Y
W;1311;A
W;1311;C
W;1311;D
W;1311;E
W;1311;F
W;1311;G
W;1311;H
W;1311;I
W;1311;K
W;1311;L
W;1311;M
W;1311;N
W;1311;P
W;1311;Q
W;1311;R
W;1311;S
W;1311;T
W;1311;V
W;1311;Y
M;1276;A
M;1276;C
M;1276;D
M;1276;E
M;1276;F
M;1276;G
M;1276;H
M;1276;I
M;1276;K
M;1276;L
M;1276;N
M;1276;P
M;1276;Q
M;1276;R
M;1276;S
M;1276;T
M;1276;V
M;1276;W
M;1276;Y
Y;1269;A
Y;1269;C
Y;1269;D
Y;1269;E
Y;1269;F
Y;1269;G
Y;1269;H
Y;1269;I
Y;1269;K
Y;1269;L
Y;1269;M
Y;1269;N
Y;1269;P
Y;1269;Q
Y;1269;R
Y;1269;S
Y;1269;T
Y;1269;V
Y;1269;W
G;1330;A
G;1330;C
G;1330;D
G;1330;E
G;1330;F
G;1330;H
G;1330;I
G;1330;K
G;1330;L
G;1330;M
G;1330;N
G;1330;P
G;1330;Q
G;1330;R
G;1330;S
G;1330;T
G;1330;V
G;1330;W
G;1330;Y
W;1316;A
W;1316;C
W;1316;D
W;1316;E
W;1316;F
W;1316;G
W;1316;H
W;1316;I
W;1316;K
W;1316;L
W;1316;M
W;1316;N
W;1316;P
W;1316;Q
W;1316;R
W;1316;S
W;1316;T
W;1316;V
W;1316;Y
E;1266;A
E;1266;C
E;1266;D
E;1266;F
E;1266;G
E;1266;H
E;1266;I
E;1266;K
E;1266;L
E;1266;M
E;1266;N
E;1266;P
E;1266;Q
E;1266;R
E;1266;S
E;1266;T
E;1266;V
E;1266;W
E;1266;Y
Y;1340;A
Y;1340;C
Y;1340;D
Y;1340;E
Y;1340;F
Y;1340;G
Y;1340;H
Y;1340;I
Y;1340;K
Y;1340;L
Y;1340;M
Y;1340;N
Y;1340;P
Y;1340;Q
Y;1340;R
Y;1340;S
Y;1340;T
Y;1340;V
Y;1340;W
M;1326;A
M;1326;C
M;1326;D
M;1326;E
M;1326;F
M;1326;G
M;1326;H
M;1326;I
M;1326;K
M;1326;L
M;1326;N
M;1326;P
M;1326;Q
M;1326;R
M;1326;S
M;1326;T
M;1326;V
M;1326;W
M;1326;Y
R;1281;A
R;1281;C
R;1281;D
R;1281;E
R;1281;F
R;1281;G
R;1281;H
R;1281;I
R;1281;K
R;1281;L
R;1281;M
R;1281;N
R;1281;P
R;1281;Q
R;1281;S
R;1281;T
R;1281;V
R;1281;W
R;1281;Y
P;1278;A
P;1278;C
P;1278;D
P;1278;E
P;1278;F
P;1278;G
P;1278;H
P;1278;I
P;1278;K
P;1278;L
P;1278;M
P;1278;N
P;1278;Q
P;1278;R
P;1278;S
P;1278;T
P;1278;V
P;1278;W
P;1278;Y
W;1288;A
W;1288;C
W;1288;D
W;1288;E
W;1288;F
W;1288;G
W;1288;H
W;1288;I
W;1288;K
W;1288;L
W;1288;M
W;1288;N
W;1288;P
W;1288;Q
W;1288;R
W;1288;S
W;1288;T
W;1288;V
W;1288;Y
G;1305;A
G;1305;C
G;1305;D
G;1305;E
G;1305;F
G;1305;H
G;1305;I
G;1305;K
G;1305;L
G;1305;M
G;1305;N
G;1305;P
G;1305;Q
G;1305;R
G;1305;S
G;1305;T
G;1305;V
G;1305;W
G;1305;Y
S;1296;A
S;1296;C
S;1296;D
S;1296;E
S;1296;F
S;1296;G
S;1296;H
S;1296;I
S;1296;K
S;1296;L
S;1296;M
S;1296;N
S;1296;P
S;1296;Q
S;1296;R
S;1296;T
S;1296;V
S;1296;W
S;1296;Y
N;1309;A
N;1309;C
N;1309;D
N;1309;E
N;1309;F
N;1309;G
N;1309;H
N;1309;I
N;1309;K
N;1309;L
N;1309;M
N;1309;P
N;1309;Q
N;1309;R
N;1309;S
N;1309;T
N;1309;V
N;1309;W
N;1309;Y
Y;1275;A
Y;1275;C
Y;1275;D
Y;1275;E
Y;1275;F
Y;1275;G
Y;1275;H
Y;1275;I
Y;1275;K
Y;1275;L
Y;1275;M
Y;1275;N
Y;1275;P
Y;1275;Q
Y;1275;R
Y;1275;S
Y;1275;T
Y;1275;V
Y;1275;W
W;1290;A
W;1290;C
W;1290;D
W;1290;E
W;1290;F
W;1290;G
W;1290;H
W;1290;I
W;1290;K
W;1290;L
W;1290;M
W;1290;N
W;1290;P
W;1290;Q
W;1290;R
W;1290;S
W;1290;T
W;1290;V
W;1290;Y
Q;1293;A
Q;1293;C
Q;1293;D
Q;1293;E
Q;1293;F
Q;1293;G
Q;1293;H
Q;1293;I
Q;1293;K
Q;1293;L
Q;1293;M
Q;1293;N
Q;1293;P
Q;1293;R
Q;1293;S
Q;1293;T
Q;1293;V
Q;1293;W
Q;1293;Y
