Q;280;A
Q;280;C
Q;280;D
Q;280;E
Q;280;F
Q;280;G
Q;280;H
Q;280;I
Q;280;K
Q;280;L
Q;280;M
Q;280;N
Q;280;P
Q;280;R
Q;280;S
Q;280;T
Q;280;V
Q;280;W
Q;280;Y
V;310;A
V;310;C
V;310;D
V;310;E
V;310;F
V;310;G
V;310;H
V;310;I
V;310;K
V;310;L
V;310;M
V;310;N
V;310;P
V;310;Q
V;310;R
V;310;S
V;310;T
V;310;W
V;310;Y
A;300;C
A;300;D
A;300;E
A;300;F
A;300;G
A;300;H
A;300;I
A;300;K
A;300;L
A;300;M
A;300;N
A;300;P
A;300;Q
A;300;R
A;300;S
A;300;T
A;300;V
A;300;W
A;300;Y
T;293;A
T;293;C
T;293;D
T;293;E
T;293;F
T;293;G
T;293;H
T;293;I
T;293;K
T;293;L
T;293;M
T;293;N
T;293;P
T;293;Q
T;293;R
T;293;S
T;293;V
T;293;W
T;293;Y
P;269;A
P;269;C
P;269;D
P;269;E
P;269;F
P;269;G
P;269;H
P;269;I
P;269;K
P;269;L
P;269;M
P;269;N
P;269;Q
P;269;R
P;269;S
P;269;T
P;269;V
P;269;W
P;269;Y
W;265;A
W;265;C
W;265;D
W;265;E
W;265;F
W;265;G
W;265;H
W;265;I
W;265;K
W;265;L
W;265;M
W;265;N
W;265;P
W;265;Q
W;265;R
W;265;S
W;265;T
W;265;V
W;265;Y
W;306;A
W;306;C
W;306;D
W;306;E
W;306;F
W;306;G
W;306;H
W;306;I
W;306;K
W;306;L
W;306;M
W;306;N
W;306;P
W;306;Q
W;306;R
W;306;S
W;306;T
W;306;V
W;306;Y
C;298;A
C;298;D
C;298;E
C;298;F
C;298;G
C;298;H
C;298;I
C;298;K
C;298;L
C;298;M
C;298;N
C;298;P
C;298;Q
C;298;R
C;298;S
C;298;T
C;298;V
C;298;W
C;298;Y
Q;263;A
Q;263;C
Q;263;D
Q;263;E
Q;263;F
Q;263;G
Q;263;H
Q;263;I
Q;263;K
Q;263;L
Q;263;M
Q;263;N
Q;263;P
Q;263;R
Q;263;S
Q;263;T
Q;263;V
Q;263;W
Q;263;Y
H;311;A
H;311;C
H;311;D
H;311;E
H;311;F
H;311;G
H;311;I
H;311;K
H;311;L
H;311;M
H;311;N
H;311;P
H;311;Q
H;311;R
H;311;S
H;311;T
H;311;V
H;311;W
H;311;Y
D;305;A
D;305;C
D;305;E
D;305;F
D;305;G
D;305;H
D;305;I
D;305;K
D;305;L
D;305;M
D;305;N
D;305;P
D;305;Q
D;305;R
D;305;S
D;305;T
D;305;V
D;305;W
D;305;Y
M;271;A
M;271;C
M;271;D
M;271;E
M;271;F
M;271;G
M;271;H
M;271;I
M;271;K
M;271;L
M;271;N
M;271;P
M;271;Q
M;271;R
M;271;S
M;271;T
M;271;V
M;271;W
M;271;Y
T;270;A
T;270;C
T;270;D
T;270;E
T;270;F
T;270;G
T;270;H
T;270;I
T;270;K
T;270;L
T;270;M
T;270;N
T;270;P
T;270;Q
T;270;R
T;270;S
T;270;V
T;270;W
T;270;Y
C;277;A
C;277;D
C;277;E
C;277;F
C;277;G
C;277;H
C;277;I
C;277;K
C;277;L
C;277;M
C;277;N
C;277;P
C;277;Q
C;277;R
C;277;S
C;277;T
C;277;V
C;277;W
C;277;Y
H;289;A
H;289;C
H;289;D
H;289;E
H;289;F
H;289;G
H;289;I
H;289;K
H;289;L
H;289;M
H;289;N
H;289;P
H;289;Q
H;289;R
H;289;S
H;289;T
H;289;V
H;289;W
H;289;Y
F;283;A
F;283;C
F;283;D
F;283;E
F;283;G
F;283;H
F;283;I
F;283;K
F;283;L
F;283;M
F;283;N
F;283;P
F;283;Q
F;283;R
F;283;S
F;283;T
F;283;V
F;283;W
F;283;Y
D;294;A
D;294;C
D;294;E
D;294;F
D;294;G
D;294;H
D;294;I
D;294;K
D;294;L
D;294;M
D;294;N
D;294;P
D;294;Q
D;294;R
D;294;S
D;294;T
D;294;V
D;294;W
D;294;Y
E;272;A
E;272;C
E;272;D
E;272;F
E;272;G
E;272;H
E;272;I
E;272;K
E;272;L
E;272;M
E;272;N
E;272;P
E;272;Q
E;272;R
E;272;S
E;272;T
E;272;V
E;272;W
E;272;Y
H;278;A
H;278;C
H;278;D
H;278;E
H;278;F
H;278;G
H;278;I
H;278;K
H;278;L
H;278;M
H;278;N
H;278;P
H;278;Q
H;278;R
H;278;S
H;278;T
H;278;V
H;278;W
H;278;Y
N;282;A
N;282;C
N;282;D
N;282;E
N;282;F
N;282;G
N;282;H
N;282;I
N;282;K
N;282;L
N;282;M
N;282;P
N;282;Q
N;282;R
N;282;S
N;282;T
N;282;V
N;282;W
N;282;Y
