V;53;A
V;53;C
V;53;D
V;53;E
V;53;F
V;53;G
V;53;H
V;53;I
V;53;K
V;53;L
V;53;M
V;53;N
V;53;P
V;53;Q
V;53;R
V;53;S
V;53;T
V;53;W
V;53;Y
R;142;A
R;142;C
R;142;D
R;142;E
R;142;F
R;142;G
R;142;H
R;142;I
R;142;K
R;142;L
R;142;M
R;142;N
R;142;P
R;142;Q
R;142;S
R;142;T
R;142;V
R;142;W
R;142;Y
I;109;A
I;109;C
I;109;D
I;109;E
I;109;F
I;109;G
I;109;H
I;109;K
I;109;L
I;109;M
I;109;N
I;109;P
I;109;Q
I;109;R
I;109;S
I;109;T
I;109;V
I;109;W
I;109;Y
I;88;A
I;88;C
I;88;D
I;88;E
I;88;F
I;88;G
I;88;H
I;88;K
I;88;L
I;88;M
I;88;N
I;88;P
I;88;Q
I;88;R
I;88;S
I;88;T
I;88;V
I;88;W
I;88;Y
D;22;A
D;22;C
D;22;E
D;22;F
D;22;G
D;22;H
D;22;I
D;22;K
D;22;L
D;22;M
D;22;N
D;22;P
D;22;Q
D;22;R
D;22;S
D;22;T
D;22;V
D;22;W
D;22;Y
M;7;A
M;7;C
M;7;D
M;7;E
M;7;F
M;7;G
M;7;H
M;7;I
M;7;K
M;7;L
M;7;N
M;7;P
M;7;Q
M;7;R
M;7;S
M;7;T
M;7;V
M;7;W
M;7;Y
N;131;A
N;131;C
N;131;D
N;131;E
N;131;F
N;131;G
N;131;H
N;131;I
N;131;K
N;131;L
N;131;M
N;131;P
N;131;Q
N;131;R
N;131;S
N;131;T
N;131;V
N;131;W
N;131;Y
K;105;A
K;105;C
K;105;D
K;105;E
K;105;F
K;105;G
K;105;H
K;105;I
K;105;L
K;105;M
K;105;N
K;105;P
K;105;Q
K;105;R
K;105;S
K;105;T
K;105;V
K;105;W
K;105;Y
V;2;A
V;2;C
V;2;D
V;2;E
V;2;F
V;2;G
V;2;H
V;2;I
V;2;K
V;2;L
V;2;M
V;2;N
V;2;P
V;2;Q
V;2;R
V;2;S
V;2;T
V;2;W
V;2;Y
E;146;A
E;146;C
E;146;D
E;146;F
E;146;G
E;146;H
E;146;I
E;146;K
E;146;L
E;146;M
E;146;N
E;146;P
E;146;Q
E;146;R
E;146;S
E;146;T
E;146;V
E;146;W
E;146;Y
R;125;A
R;125;C
R;125;D
R;125;E
R;125;F
R;125;G
R;125;H
R;125;I
R;125;K
R;125;L
R;125;M
R;125;N
R;125;P
R;125;Q
R;125;S
R;125;T
R;125;V
R;125;W
R;125;Y
K;31;A
K;31;C
K;31;D
K;31;E
K;31;F
K;31;G
K;31;H
K;31;I
K;31;L
K;31;M
K;31;N
K;31;P
K;31;Q
K;31;R
K;31;S
K;31;T
K;31;V
K;31;W
K;31;Y
N;25;A
N;25;C
N;25;D
N;25;E
N;25;F
N;25;G
N;25;H
N;25;I
N;25;K
N;25;L
N;25;M
N;25;P
N;25;Q
N;25;R
N;25;S
N;25;T
N;25;V
N;25;W
N;25;Y
G;42;A
G;42;C
G;42;D
G;42;E
G;42;F
G;42;H
G;42;I
G;42;K
G;42;L
G;42;M
G;42;N
G;42;P
G;42;Q
G;42;R
G;42;S
G;42;T
G;42;V
G;42;W
G;42;Y
E;77;A
E;77;C
E;77;D
E;77;F
E;77;G
E;77;H
E;77;I
E;77;K
E;77;L
E;77;M
E;77;N
E;77;P
E;77;Q
E;77;R
E;77;S
E;77;T
E;77;V
E;77;W
E;77;Y
M;64;A
M;64;C
M;64;D
M;64;E
M;64;F
M;64;G
M;64;H
M;64;I
M;64;K
M;64;L
M;64;N
M;64;P
M;64;Q
M;64;R
M;64;S
M;64;T
M;64;V
M;64;W
M;64;Y
Y;41;A
Y;41;C
Y;41;D
Y;41;E
Y;41;F
Y;41;G
Y;41;H
Y;41;I
Y;41;K
Y;41;L
Y;41;M
Y;41;N
Y;41;P
Y;41;Q
Y;41;R
Y;41;S
Y;41;T
Y;41;V
Y;41;W
P;92;A
P;92;C
P;92;D
P;92;E
P;92;F
P;92;G
P;92;H
P;92;I
P;92;K
P;92;L
P;92;M
P;92;N
P;92;Q
P;92;R
P;92;S
P;92;T
P;92;V
P;92;W
P;92;Y
K;19;A
K;19;C
K;19;D
K;19;E
K;19;F
K;19;G
K;19;H
K;19;I
K;19;L
K;19;M
K;19;N
K;19;P
K;19;Q
K;19;R
K;19;S
K;19;T
K;19;V
K;19;W
K;19;Y
P;43;A
P;43;C
P;43;D
P;43;E
P;43;F
P;43;G
P;43;H
P;43;I
P;43;K
P;43;L
P;43;M
P;43;N
P;43;Q
P;43;R
P;43;S
P;43;T
P;43;V
P;43;W
P;43;Y
