W;85;A
W;85;C
W;85;D
W;85;E
W;85;F
W;85;G
W;85;H
W;85;I
W;85;K
W;85;L
W;85;M
W;85;N
W;85;P
W;85;Q
W;85;R
W;85;S
W;85;T
W;85;V
W;85;Y
Y;136;A
Y;136;C
Y;136;D
Y;136;E
Y;136;F
Y;136;G
Y;136;H
Y;136;I
Y;136;K
Y;136;L
Y;136;M
Y;136;N
Y;136;P
Y;136;Q
Y;136;R
Y;136;S
Y;136;T
Y;136;V
Y;136;W
K;115;A
K;115;C
K;115;D
K;115;E
K;115;F
K;115;G
K;115;H
K;115;I
K;115;L
K;115;M
K;115;N
K;115;P
K;115;Q
K;115;R
K;115;S
K;115;T
K;115;V
K;115;W
K;115;Y
S;104;A
S;104;C
S;104;D
S;104;E
S;104;F
S;104;G
S;104;H
S;104;I
S;104;K
S;104;L
S;104;M
S;104;N
S;104;P
S;104;Q
S;104;R
S;104;T
S;104;V
S;104;W
S;104;Y
S;65;A
S;65;C
S;65;D
S;65;E
S;65;F
S;65;G
S;65;H
S;65;I
S;65;K
S;65;L
S;65;M
S;65;N
S;65;P
S;65;Q
S;65;R
S;65;T
S;65;V
S;65;W
S;65;Y
K;54;A
K;54;C
K;54;D
K;54;E
K;54;F
K;54;G
K;54;H
K;54;I
K;54;L
K;54;M
K;54;N
K;54;P
K;54;Q
K;54;R
K;54;S
K;54;T
K;54;V
K;54;W
K;54;Y
K;127;A
K;127;C
K;127;D
K;127;E
K;127;F
K;127;G
K;127;H
K;127;I
K;127;L
K;127;M
K;127;N
K;127;P
K;127;Q
K;127;R
K;127;S
K;127;T
K;127;V
K;127;W
K;127;Y
C;114;A
C;114;D
C;114;E
C;114;F
C;114;G
C;114;H
C;114;I
C;114;K
C;114;L
C;114;M
C;114;N
C;114;P
C;114;Q
C;114;R
C;114;S
C;114;T
C;114;V
C;114;W
C;114;Y
Q;49;A
Q;49;C
Q;49;D
Q;49;E
Q;49;F
Q;49;G
Q;49;H
Q;49;I
Q;49;K
Q;49;L
Q;49;M
Q;49;N
Q;49;P
Q;49;R
Q;49;S
Q;49;T
Q;49;V
Q;49;W
Q;49;Y
F;138;A
F;138;C
F;138;D
F;138;E
F;138;G
F;138;H
F;138;I
F;138;K
F;138;L
F;138;M
F;138;N
F;138;P
F;138;Q
F;138;R
F;138;S
F;138;T
F;138;V
F;138;W
F;138;Y
H;125;A
H;125;C
H;125;D
H;125;E
H;125;F
H;125;G
H;125;I
H;125;K
H;125;L
H;125;M
H;125;N
H;125;P
H;125;Q
H;125;R
H;125;S
H;125;T
H;125;V
H;125;W
H;125;Y
N;70;A
N;70;C
N;70;D
N;70;E
N;70;F
N;70;G
N;70;H
N;70;I
N;70;K
N;70;L
N;70;M
N;70;P
N;70;Q
N;70;R
N;70;S
N;70;T
N;70;V
N;70;W
N;70;Y
C;66;A
C;66;D
C;66;E
C;66;F
C;66;G
C;66;H
C;66;I
C;66;K
C;66;L
C;66;M
C;66;N
C;66;P
C;66;Q
C;66;R
C;66;S
C;66;T
C;66;V
C;66;W
C;66;Y
T;67;A
T;67;C
T;67;D
T;67;E
T;67;F
T;67;G
T;67;H
T;67;I
T;67;K
T;67;L
T;67;M
T;67;N
T;67;P
T;67;Q
T;67;R
T;67;S
T;67;V
T;67;W
T;67;Y
M;78;A
M;78;C
M;78;D
M;78;E
M;78;F
M;78;G
M;78;H
M;78;I
M;78;K
M;78;L
M;78;N
M;78;P
M;78;Q
M;78;R
M;78;S
M;78;T
M;78;V
M;78;W
M;78;Y
R;96;A
R;96;C
R;96;D
R;96;E
R;96;F
R;96;G
R;96;H
R;96;I
R;96;K
R;96;L
R;96;M
R;96;N
R;96;P
R;96;Q
R;96;S
R;96;T
R;96;V
R;96;W
R;96;Y
L;88;A
L;88;C
L;88;D
L;88;E
L;88;F
L;88;G
L;88;H
L;88;I
L;88;K
L;88;M
L;88;N
L;88;P
L;88;Q
L;88;R
L;88;S
L;88;T
L;88;V
L;88;W
L;88;Y
I;106;A
I;106;C
I;106;D
I;106;E
I;106;F
I;106;G
I;106;H
I;106;K
I;106;L
I;106;M
I;106;N
I;106;P
I;106;Q
I;106;R
I;106;S
I;106;T
I;106;V
I;106;W
I;106;Y
L;62;A
L;62;C
L;62;D
L;62;E
L;62;F
L;62;G
L;62;H
L;62;I
L;62;K
L;62;M
L;62;N
L;62;P
L;62;Q
L;62;R
L;62;S
L;62;T
L;62;V
L;62;W
L;62;Y
S;79;A
S;79;C
S;79;D
S;79;E
S;79;F
S;79;G
S;79;H
S;79;I
S;79;K
S;79;L
S;79;M
S;79;N
S;79;P
S;79;Q
S;79;R
S;79;T
S;79;V
S;79;W
S;79;Y
