F;247;A
F;247;C
F;247;D
F;247;E
F;247;G
F;247;H
F;247;I
F;247;K
F;247;L
F;247;M
F;247;N
F;247;P
F;247;Q
F;247;R
F;247;S
F;247;T
F;247;V
F;247;W
F;247;Y
M;305;A
M;305;C
M;305;D
M;305;E
M;305;F
M;305;G
M;305;H
M;305;I
M;305;K
M;305;L
M;305;N
M;305;P
M;305;Q
M;305;R
M;305;S
M;305;T
M;305;V
M;305;W
M;305;Y
N;280;A
N;280;C
N;280;D
N;280;E
N;280;F
N;280;G
N;280;H
N;280;I
N;280;K
N;280;L
N;280;M
N;280;P
N;280;Q
N;280;R
N;280;S
N;280;T
N;280;V
N;280;W
N;280;Y
H;269;A
H;269;C
H;269;D
H;269;E
H;269;F
H;269;G
H;269;I
H;269;K
H;269;L
H;269;M
H;269;N
H;269;P
H;269;Q
H;269;R
H;269;S
H;269;T
H;269;V
H;269;W
H;269;Y
L;217;A
L;217;C
L;217;D
L;217;E
L;217;F
L;217;G
L;217;H
L;217;I
L;217;K
L;217;M
L;217;N
L;217;P
L;217;Q
L;217;R
L;217;S
L;217;T
L;217;V
L;217;W
L;217;Y
F;209;A
F;209;C
F;209;D
F;209;E
F;209;G
F;209;H
F;209;I
F;209;K
F;209;L
F;209;M
F;209;N
F;209;P
F;209;Q
F;209;R
F;209;S
F;209;T
F;209;V
F;209;W
F;209;Y
Y;292;A
Y;292;C
Y;292;D
Y;292;E
Y;292;F
Y;292;G
Y;292;H
Y;292;I
Y;292;K
Y;292;L
Y;292;M
Y;292;N
Y;292;P
Y;292;Q
Y;292;R
Y;292;S
Y;292;T
Y;292;V
Y;292;W
Q;278;A
Q;278;C
Q;278;D
Q;278;E
Q;278;F
Q;278;G
Q;278;H
Q;278;I
Q;278;K
Q;278;L
Q;278;M
Q;278;N
Q;278;P
Q;278;R
Q;278;S
Q;278;T
Q;278;V
Q;278;W
Q;278;Y
P;205;A
P;205;C
P;205;D
P;205;E
P;205;F
P;205;G
P;205;H
P;205;I
P;205;K
P;205;L
P;205;M
P;205;N
P;205;Q
P;205;R
P;205;S
P;205;T
P;205;V
P;205;W
P;205;Y
L;289;A
L;289;C
L;289;D
L;289;E
L;289;F
L;289;G
L;289;H
L;289;I
L;289;K
L;289;M
L;289;N
L;289;P
L;289;Q
L;289;R
L;289;S
L;289;T
L;289;V
L;289;W
L;289;Y
P;234;A
P;234;C
P;234;D
P;234;E
P;234;F
P;234;G
P;234;H
P;234;I
P;234;K
P;234;L
P;234;M
P;234;N
P;234;Q
P;234;R
P;234;S
P;234;T
P;234;V
P;234;W
P;234;Y
G;220;A
G;220;C
G;220;D
G;220;E
G;220;F
G;220;H
G;220;I
G;220;K
G;220;L
G;220;M
G;220;N
G;220;P
G;220;Q
G;220;R
G;220;S
G;220;T
G;220;V
G;220;W
G;220;Y
N;242;A
N;242;C
N;242;D
N;242;E
N;242;F
N;242;G
N;242;H
N;242;I
N;242;K
N;242;L
N;242;M
N;242;P
N;242;Q
N;242;R
N;242;S
N;242;T
N;242;V
N;242;W
N;242;Y
E;262;A
E;262;C
E;262;D
E;262;F
E;262;G
E;262;H
E;262;I
E;262;K
E;262;L
E;262;M
E;262;N
E;262;P
E;262;Q
E;262;R
E;262;S
E;262;T
E;262;V
E;262;W
E;262;Y
I;252;A
I;252;C
I;252;D
I;252;E
I;252;F
I;252;G
I;252;H
I;252;K
I;252;L
I;252;M
I;252;N
I;252;P
I;252;Q
I;252;R
I;252;S
I;252;T
I;252;V
I;252;W
I;252;Y
V;241;A
V;241;C
V;241;D
V;241;E
V;241;F
V;241;G
V;241;H
V;241;I
V;241;K
V;241;L
V;241;M
V;241;N
V;241;P
V;241;Q
V;241;R
V;241;S
V;241;T
V;241;W
V;241;Y
K;270;A
K;270;C
K;270;D
K;270;E
K;270;F
K;270;G
K;270;H
K;270;I
K;270;L
K;270;M
K;270;N
K;270;P
K;270;Q
K;270;R
K;270;S
K;270;T
K;270;V
K;270;W
K;270;Y
P;215;A
P;215;C
P;215;D
P;215;E
P;215;F
P;215;G
P;215;H
P;215;I
P;215;K
P;215;L
P;215;M
P;215;N
P;215;Q
P;215;R
P;215;S
P;215;T
P;215;V
P;215;W
P;215;Y
I;240;A
I;240;C
I;240;D
I;240;E
I;240;F
I;240;G
I;240;H
I;240;K
I;240;L
I;240;M
I;240;N
I;240;P
I;240;Q
I;240;R
I;240;S
I;240;T
I;240;V
I;240;W
I;240;Y
D;246;A
D;246;C
D;246;E
D;246;F
D;246;G
D;246;H
D;246;I
D;246;K
D;246;L
D;246;M
D;246;N
D;246;P
D;246;Q
D;246;R
D;246;S
D;246;T
D;246;V
D;246;W
D;246;Y
