F;45;A
F;45;C
F;45;D
F;45;E
F;45;G
F;45;H
F;45;I
F;45;K
F;45;L
F;45;M
F;45;N
F;45;P
F;45;Q
F;45;R
F;45;S
F;45;T
F;45;V
F;45;W
F;45;Y
H;118;A
H;118;C
H;118;D
H;118;E
H;118;F
H;118;G
H;118;I
H;118;K
H;118;L
H;118;M
H;118;N
H;118;P
H;118;Q
H;118;R
H;118;S
H;118;T
H;118;V
H;118;W
H;118;Y
N;94;A
N;94;C
N;94;D
N;94;E
N;94;F
N;94;G
N;94;H
N;94;I
N;94;K
N;94;L
N;94;M
N;94;P
N;94;Q
N;94;R
N;94;S
N;94;T
N;94;V
N;94;W
N;94;Y
G;77;A
G;77;C
G;77;D
G;77;E
G;77;F
G;77;H
G;77;I
G;77;K
G;77;L
G;77;M
G;77;N
G;77;P
G;77;Q
G;77;R
G;77;S
G;77;T
G;77;V
G;77;W
G;77;Y
G;18;A
G;18;C
G;18;D
G;18;E
G;18;F
G;18;H
G;18;I
G;18;K
G;18;L
G;18;M
G;18;N
G;18;P
G;18;Q
G;18;R
G;18;S
G;18;T
G;18;V
G;18;W
G;18;Y
F;5;A
F;5;C
F;5;D
F;5;E
F;5;G
F;5;H
F;5;I
F;5;K
F;5;L
F;5;M
F;5;N
F;5;P
F;5;Q
F;5;R
F;5;S
F;5;T
F;5;V
F;5;W
F;5;Y
W;108;A
W;108;C
W;108;D
W;108;E
W;108;F
W;108;G
W;108;H
W;108;I
W;108;K
W;108;L
W;108;M
W;108;N
W;108;P
W;108;Q
W;108;R
W;108;S
W;108;T
W;108;V
W;108;Y
V;91;A
V;91;C
V;91;D
V;91;E
V;91;F
V;91;G
V;91;H
V;91;I
V;91;K
V;91;L
V;91;M
V;91;N
V;91;P
V;91;Q
V;91;R
V;91;S
V;91;T
V;91;W
V;91;Y
T;2;A
T;2;C
T;2;D
T;2;E
T;2;F
T;2;G
T;2;H
T;2;I
T;2;K
T;2;L
T;2;M
T;2;N
T;2;P
T;2;Q
T;2;R
T;2;S
T;2;V
T;2;W
T;2;Y
Y;119;A
Y;119;C
Y;119;D
Y;119;E
Y;119;F
Y;119;G
Y;119;H
Y;119;I
Y;119;K
Y;119;L
Y;119;M
Y;119;N
Y;119;P
Y;119;Q
Y;119;R
Y;119;S
Y;119;T
Y;119;V
Y;119;W
R;107;A
R;107;C
R;107;D
R;107;E
R;107;F
R;107;G
R;107;H
R;107;I
R;107;K
R;107;L
R;107;M
R;107;N
R;107;P
R;107;Q
R;107;S
R;107;T
R;107;V
R;107;W
R;107;Y
A;25;C
A;25;D
A;25;E
A;25;F
A;25;G
A;25;H
A;25;I
A;25;K
A;25;L
A;25;M
A;25;N
A;25;P
A;25;Q
A;25;R
A;25;S
A;25;T
A;25;V
A;25;W
A;25;Y
L;22;A
L;22;C
L;22;D
L;22;E
L;22;F
L;22;G
L;22;H
L;22;I
L;22;K
L;22;M
L;22;N
L;22;P
L;22;Q
L;22;R
L;22;S
L;22;T
L;22;V
L;22;W
L;22;Y
V;37;A
V;37;C
V;37;D
V;37;E
V;37;F
V;37;G
V;37;H
V;37;I
V;37;K
V;37;L
V;37;M
V;37;N
V;37;P
V;37;Q
V;37;R
V;37;S
V;37;T
V;37;W
V;37;Y
E;67;A
E;67;C
E;67;D
E;67;F
E;67;G
E;67;H
E;67;I
E;67;K
E;67;L
E;67;M
E;67;N
E;67;P
E;67;Q
E;67;R
E;67;S
E;67;T
E;67;V
E;67;W
E;67;Y
F;52;A
F;52;C
F;52;D
F;52;E
F;52;G
F;52;H
F;52;I
F;52;K
F;52;L
F;52;M
F;52;N
F;52;P
F;52;Q
F;52;R
F;52;S
F;52;T
F;52;V
F;52;W
F;52;Y
Q;35;A
Q;35;C
Q;35;D
Q;35;E
Q;35;F
Q;35;G
Q;35;H
Q;35;I
Q;35;K
Q;35;L
Q;35;M
Q;35;N
Q;35;P
Q;35;R
Q;35;S
Q;35;T
Q;35;V
Q;35;W
Q;35;Y
N;76;A
N;76;C
N;76;D
N;76;E
N;76;F
N;76;G
N;76;H
N;76;I
N;76;K
N;76;L
N;76;M
N;76;P
N;76;Q
N;76;R
N;76;S
N;76;T
N;76;V
N;76;W
N;76;Y
N;15;A
N;15;C
N;15;D
N;15;E
N;15;F
N;15;G
N;15;H
N;15;I
N;15;K
N;15;L
N;15;M
N;15;P
N;15;Q
N;15;R
N;15;S
N;15;T
N;15;V
N;15;W
N;15;Y
V;33;A
V;33;C
V;33;D
V;33;E
V;33;F
V;33;G
V;33;H
V;33;I
V;33;K
V;33;L
V;33;M
V;33;N
V;33;P
V;33;Q
V;33;R
V;33;S
V;33;T
V;33;W
V;33;Y
