T;267;A
T;267;C
T;267;D
T;267;E
T;267;F
T;267;G
T;267;H
T;267;I
T;267;K
T;267;L
T;267;M
T;267;N
T;267;P
T;267;Q
T;267;R
T;267;S
T;267;V
T;267;W
T;267;Y
D;388;A
D;388;C
D;388;E
D;388;F
D;388;G
D;388;H
D;388;I
D;388;K
D;388;L
D;388;M
D;388;N
D;388;P
D;388;Q
D;388;R
D;388;S
D;388;T
D;388;V
D;388;W
D;388;Y
M;341;A
M;341;C
M;341;D
M;341;E
M;341;F
M;341;G
M;341;H
M;341;I
M;341;K
M;341;L
M;341;N
M;341;P
M;341;Q
M;341;R
M;341;S
M;341;T
M;341;V
M;341;W
M;341;Y
L;315;A
L;315;C
L;315;D
L;315;E
L;315;F
L;315;G
L;315;H
L;315;I
L;315;K
L;315;M
L;315;N
L;315;P
L;315;Q
L;315;R
L;315;S
L;315;T
L;315;V
L;315;W
L;315;Y
N;224;A
N;224;C
N;224;D
N;224;E
N;224;F
N;224;G
N;224;H
N;224;I
N;224;K
N;224;L
N;224;M
N;224;P
N;224;Q
N;224;R
N;224;S
N;224;T
N;224;V
N;224;W
N;224;Y
W;204;A
W;204;C
W;204;D
W;204;E
W;204;F
W;204;G
W;204;H
W;204;I
W;204;K
W;204;L
W;204;M
W;204;N
W;204;P
W;204;Q
W;204;R
W;204;S
W;204;T
W;204;V
W;204;Y
L;371;A
L;371;C
L;371;D
L;371;E
L;371;F
L;371;G
L;371;H
L;371;I
L;371;K
L;371;M
L;371;N
L;371;P
L;371;Q
L;371;R
L;371;S
L;371;T
L;371;V
L;371;W
L;371;Y
S;336;A
S;336;C
S;336;D
S;336;E
S;336;F
S;336;G
S;336;H
S;336;I
S;336;K
S;336;L
S;336;M
S;336;N
S;336;P
S;336;Q
S;336;R
S;336;T
S;336;V
S;336;W
S;336;Y
M;198;A
M;198;C
M;198;D
M;198;E
M;198;F
M;198;G
M;198;H
M;198;I
M;198;K
M;198;L
M;198;N
M;198;P
M;198;Q
M;198;R
M;198;S
M;198;T
M;198;V
M;198;W
M;198;Y
G;393;A
G;393;C
G;393;D
G;393;E
G;393;F
G;393;H
G;393;I
G;393;K
G;393;L
G;393;M
G;393;N
G;393;P
G;393;Q
G;393;R
G;393;S
G;393;T
G;393;V
G;393;W
G;393;Y
P;363;A
P;363;C
P;363;D
P;363;E
P;363;F
P;363;G
P;363;H
P;363;I
P;363;K
P;363;L
P;363;M
P;363;N
P;363;Q
P;363;R
P;363;S
P;363;T
P;363;V
P;363;W
P;363;Y
D;237;A
D;237;C
D;237;E
D;237;F
D;237;G
D;237;H
D;237;I
D;237;K
D;237;L
D;237;M
D;237;N
D;237;P
D;237;Q
D;237;R
D;237;S
D;237;T
D;237;V
D;237;W
D;237;Y
I;230;A
I;230;C
I;230;D
I;230;E
I;230;F
I;230;G
I;230;H
I;230;K
I;230;L
I;230;M
I;230;N
I;230;P
I;230;Q
I;230;R
I;230;S
I;230;T
I;230;V
I;230;W
I;230;Y
E;231;A
E;231;C
E;231;D
E;231;F
E;231;G
E;231;H
E;231;I
E;231;K
E;231;L
E;231;M
E;231;N
E;231;P
E;231;Q
E;231;R
E;231;S
E;231;T
E;231;V
E;231;W
E;231;Y
K;254;A
K;254;C
K;254;D
K;254;E
K;254;F
K;254;G
K;254;H
K;254;I
K;254;L
K;254;M
K;254;N
K;254;P
K;254;Q
K;254;R
K;254;S
K;254;T
K;254;V
K;254;W
K;254;Y
G;301;A
G;301;C
G;301;D
G;301;E
G;301;F
G;301;H
G;301;I
G;301;K
G;301;L
G;301;M
G;301;N
G;301;P
G;301;Q
G;301;R
G;301;S
G;301;T
G;301;V
G;301;W
G;301;Y
I;280;A
I;280;C
I;280;D
I;280;E
I;280;F
I;280;G
I;280;H
I;280;K
I;280;L
I;280;M
I;280;N
I;280;P
I;280;Q
I;280;R
I;280;S
I;280;T
I;280;V
I;280;W
I;280;Y
A;252;C
A;252;D
A;252;E
A;252;F
A;252;G
A;252;H
A;252;I
A;252;K
A;252;L
A;252;M
A;252;N
A;252;P
A;252;Q
A;252;R
A;252;S
A;252;T
A;252;V
A;252;W
A;252;Y
K;320;A
K;320;C
K;320;D
K;320;E
K;320;F
K;320;G
K;320;H
K;320;I
K;320;L
K;320;M
K;320;N
K;320;P
K;320;Q
K;320;R
K;320;S
K;320;T
K;320;V
K;320;W
K;320;Y
E;225;A
E;225;C
E;225;D
E;225;F
E;225;G
E;225;H
E;225;I
E;225;K
E;225;L
E;225;M
E;225;N
E;225;P
E;225;Q
E;225;R
E;225;S
E;225;T
E;225;V
E;225;W
E;225;Y
