H;559;A
H;559;C
H;559;D
H;559;E
H;559;F
H;559;G
H;559;I
H;559;K
H;559;L
H;559;M
H;559;N
H;559;P
H;559;Q
H;559;R
H;559;S
H;559;T
H;559;V
H;559;W
H;559;Y
Q;721;A
Q;721;C
Q;721;D
Q;721;E
Q;721;F
Q;721;G
Q;721;H
Q;721;I
Q;721;K
Q;721;L
Q;721;M
Q;721;N
Q;721;P
Q;721;R
Q;721;S
Q;721;T
Q;721;V
Q;721;W
Q;721;Y
N;662;A
N;662;C
N;662;D
N;662;E
N;662;F
N;662;G
N;662;H
N;662;I
N;662;K
N;662;L
N;662;M
N;662;P
N;662;Q
N;662;R
N;662;S
N;662;T
N;662;V
N;662;W
N;662;Y
G;624;A
G;624;C
G;624;D
G;624;E
G;624;F
G;624;H
G;624;I
G;624;K
G;624;L
G;624;M
G;624;N
G;624;P
G;624;Q
G;624;R
G;624;S
G;624;T
G;624;V
G;624;W
G;624;Y
V;492;A
V;492;C
V;492;D
V;492;E
V;492;F
V;492;G
V;492;H
V;492;I
V;492;K
V;492;L
V;492;M
V;492;N
V;492;P
V;492;Q
V;492;R
V;492;S
V;492;T
V;492;W
V;492;Y
F;456;A
F;456;C
F;456;D
F;456;E
F;456;G
F;456;H
F;456;I
F;456;K
F;456;L
F;456;M
F;456;N
F;456;P
F;456;Q
F;456;R
F;456;S
F;456;T
F;456;V
F;456;W
F;456;Y
M;700;A
M;700;C
M;700;D
M;700;E
M;700;F
M;700;G
M;700;H
M;700;I
M;700;K
M;700;L
M;700;N
M;700;P
M;700;Q
M;700;R
M;700;S
M;700;T
M;700;V
M;700;W
M;700;Y
V;625;A
V;625;C
V;625;D
V;625;E
V;625;F
V;625;G
V;625;H
V;625;I
V;625;K
V;625;L
V;625;M
V;625;N
V;625;P
V;625;Q
V;625;R
V;625;S
V;625;T
V;625;W
V;625;Y
W;655;A
W;655;C
W;655;D
W;655;E
W;655;F
W;655;G
W;655;H
W;655;I
W;655;K
W;655;L
W;655;M
W;655;N
W;655;P
W;655;Q
W;655;R
W;655;S
W;655;T
W;655;V
W;655;Y
E;443;A
E;443;C
E;443;D
E;443;F
E;443;G
E;443;H
E;443;I
E;443;K
E;443;L
E;443;M
E;443;N
E;443;P
E;443;Q
E;443;R
E;443;S
E;443;T
E;443;V
E;443;W
E;443;Y
W;726;A
W;726;C
W;726;D
W;726;E
W;726;F
W;726;G
W;726;H
W;726;I
W;726;K
W;726;L
W;726;M
W;726;N
W;726;P
W;726;Q
W;726;R
W;726;S
W;726;T
W;726;V
W;726;Y
T;690;A
T;690;C
T;690;D
T;690;E
T;690;F
T;690;G
T;690;H
T;690;I
T;690;K
T;690;L
T;690;M
T;690;N
T;690;P
T;690;Q
T;690;R
T;690;S
T;690;V
T;690;W
T;690;Y
H;506;A
H;506;C
H;506;D
H;506;E
H;506;F
H;506;G
H;506;I
H;506;K
H;506;L
H;506;M
H;506;N
H;506;P
H;506;Q
H;506;R
H;506;S
H;506;T
H;506;V
H;506;W
H;506;Y
W;499;A
W;499;C
W;499;D
W;499;E
W;499;F
W;499;G
W;499;H
W;499;I
W;499;K
W;499;L
W;499;M
W;499;N
W;499;P
W;499;Q
W;499;R
W;499;S
W;499;T
W;499;V
W;499;Y
L;538;A
L;538;C
L;538;D
L;538;E
L;538;F
L;538;G
L;538;H
L;538;I
L;538;K
L;538;M
L;538;N
L;538;P
L;538;Q
L;538;R
L;538;S
L;538;T
L;538;V
L;538;W
L;538;Y
F;601;A
F;601;C
F;601;D
F;601;E
F;601;G
F;601;H
F;601;I
F;601;K
F;601;L
F;601;M
F;601;N
F;601;P
F;601;Q
F;601;R
F;601;S
F;601;T
F;601;V
F;601;W
F;601;Y
W;577;A
W;577;C
W;577;D
W;577;E
W;577;F
W;577;G
W;577;H
W;577;I
W;577;K
W;577;L
W;577;M
W;577;N
W;577;P
W;577;Q
W;577;R
W;577;S
W;577;T
W;577;V
W;577;Y
E;532;A
E;532;C
E;532;D
E;532;F
E;532;G
E;532;H
E;532;I
E;532;K
E;532;L
E;532;M
E;532;N
E;532;P
E;532;Q
E;532;R
E;532;S
E;532;T
E;532;V
E;532;W
E;532;Y
G;628;A
G;628;C
G;628;D
G;628;E
G;628;F
G;628;H
G;628;I
G;628;K
G;628;L
G;628;M
G;628;N
G;628;P
G;628;Q
G;628;R
G;628;S
G;628;T
G;628;V
G;628;W
G;628;Y
V;483;A
V;483;C
V;483;D
V;483;E
V;483;F
V;483;G
V;483;H
V;483;I
V;483;K
V;483;L
V;483;M
V;483;N
V;483;P
V;483;Q
V;483;R
V;483;S
V;483;T
V;483;W
V;483;Y
