K;83;A
K;83;C
K;83;D
K;83;E
K;83;F
K;83;G
K;83;H
K;83;I
K;83;L
K;83;M
K;83;N
K;83;P
K;83;Q
K;83;R
K;83;S
K;83;T
K;83;V
K;83;W
K;83;Y
Y;113;A
Y;113;C
Y;113;D
Y;113;E
Y;113;F
Y;113;G
Y;113;H
Y;113;I
Y;113;K
Y;113;L
Y;113;M
Y;113;N
Y;113;P
Y;113;Q
Y;113;R
Y;113;S
Y;113;T
Y;113;V
Y;113;W
M;103;A
M;103;C
M;103;D
M;103;E
M;103;F
M;103;G
M;103;H
M;103;I
M;103;K
M;103;L
M;103;N
M;103;P
M;103;Q
M;103;R
M;103;S
M;103;T
M;103;V
M;103;W
M;103;Y
R;98;A
R;98;C
R;98;D
R;98;E
R;98;F
R;98;G
R;98;H
R;98;I
R;98;K
R;98;L
R;98;M
R;98;N
R;98;P
R;98;Q
R;98;S
R;98;T
R;98;V
R;98;W
R;98;Y
W;69;A
W;69;C
W;69;D
W;69;E
W;69;F
W;69;G
W;69;H
W;69;I
W;69;K
W;69;L
W;69;M
W;69;N
W;69;P
W;69;Q
W;69;R
W;69;S
W;69;T
W;69;V
W;69;Y
P;65;A
P;65;C
P;65;D
P;65;E
P;65;F
P;65;G
P;65;H
P;65;I
P;65;K
P;65;L
P;65;M
P;65;N
P;65;Q
P;65;R
P;65;S
P;65;T
P;65;V
P;65;W
P;65;Y
E;108;A
E;108;C
E;108;D
E;108;F
E;108;G
E;108;H
E;108;I
E;108;K
E;108;L
E;108;M
E;108;N
E;108;P
E;108;Q
E;108;R
E;108;S
E;108;T
E;108;V
E;108;W
E;108;Y
G;102;A
G;102;C
G;102;D
G;102;E
G;102;F
G;102;H
G;102;I
G;102;K
G;102;L
G;102;M
G;102;N
G;102;P
G;102;Q
G;102;R
G;102;S
G;102;T
G;102;V
G;102;W
G;102;Y
E;63;A
E;63;C
E;63;D
E;63;F
E;63;G
E;63;H
E;63;I
E;63;K
E;63;L
E;63;M
E;63;N
E;63;P
E;63;Q
E;63;R
E;63;S
E;63;T
E;63;V
E;63;W
E;63;Y
A;114;C
A;114;D
A;114;E
A;114;F
A;114;G
A;114;H
A;114;I
A;114;K
A;114;L
A;114;M
A;114;N
A;114;P
A;114;Q
A;114;R
A;114;S
A;114;T
A;114;V
A;114;W
A;114;Y
C;106;A
C;106;D
C;106;E
C;106;F
C;106;G
C;106;H
C;106;I
C;106;K
C;106;L
C;106;M
C;106;N
C;106;P
C;106;Q
C;106;R
C;106;S
C;106;T
C;106;V
C;106;W
C;106;Y
I;72;A
I;72;C
I;72;D
I;72;E
I;72;F
I;72;G
I;72;H
I;72;K
I;72;L
I;72;M
I;72;N
I;72;P
I;72;Q
I;72;R
I;72;S
I;72;T
I;72;V
I;72;W
I;72;Y
E;70;A
E;70;C
E;70;D
E;70;F
E;70;G
E;70;H
E;70;I
E;70;K
E;70;L
E;70;M
E;70;N
E;70;P
E;70;Q
E;70;R
E;70;S
E;70;T
E;70;V
E;70;W
E;70;Y
D;78;A
D;78;C
D;78;E
D;78;F
D;78;G
D;78;H
D;78;I
D;78;K
D;78;L
D;78;M
D;78;N
D;78;P
D;78;Q
D;78;R
D;78;S
D;78;T
D;78;V
D;78;W
D;78;Y
G;93;A
G;93;C
G;93;D
G;93;E
G;93;F
G;93;H
G;93;I
G;93;K
G;93;L
G;93;M
G;93;N
G;93;P
G;93;Q
G;93;R
G;93;S
G;93;T
G;93;V
G;93;W
G;93;Y
V;87;A
V;87;C
V;87;D
V;87;E
V;87;F
V;87;G
V;87;H
V;87;I
V;87;K
V;87;L
V;87;M
V;87;N
V;87;P
V;87;Q
V;87;R
V;87;S
V;87;T
V;87;W
V;87;Y
T;77;A
T;77;C
T;77;D
T;77;E
T;77;F
T;77;G
T;77;H
T;77;I
T;77;K
T;77;L
T;77;M
T;77;N
T;77;P
T;77;Q
T;77;R
T;77;S
T;77;V
T;77;W
T;77;Y
M;99;A
M;99;C
M;99;D
M;99;E
M;99;F
M;99;G
M;99;H
M;99;I
M;99;K
M;99;L
M;99;N
M;99;P
M;99;Q
M;99;R
M;99;S
M;99;T
M;99;V
M;99;W
M;99;Y
K;71;A
K;71;C
K;71;D
K;71;E
K;71;F
K;71;G
K;71;H
K;71;I
K;71;L
K;71;M
K;71;N
K;71;P
K;71;Q
K;71;R
K;71;S
K;71;T
K;71;V
K;71;W
K;71;Y
D;81;A
D;81;C
D;81;E
D;81;F
D;81;G
D;81;H
D;81;I
D;81;K
D;81;L
D;81;M
D;81;N
D;81;P
D;81;Q
D;81;R
D;81;S
D;81;T
D;81;V
D;81;W
D;81;Y
