S;478;A
S;478;C
S;478;D
S;478;E
S;478;F
S;478;G
S;478;H
S;478;I
S;478;K
S;478;L
S;478;M
S;478;N
S;478;P
S;478;Q
S;478;R
S;478;T
S;478;V
S;478;W
S;478;Y
W;510;A
W;510;C
W;510;D
W;510;E
W;510;F
W;510;G
W;510;H
W;510;I
W;510;K
W;510;L
W;510;M
W;510;N
W;510;P
W;510;Q
W;510;R
W;510;S
W;510;T
W;510;V
W;510;Y
T;498;A
T;498;C
T;498;D
T;498;E
T;498;F
T;498;G
T;498;H
T;498;I
T;498;K
T;498;L
T;498;M
T;498;N
T;498;P
T;498;Q
T;498;R
T;498;S
T;498;V
T;498;W
T;498;Y
K;491;A
K;491;C
K;491;D
K;491;E
K;491;F
K;491;G
K;491;H
K;491;I
K;491;L
K;491;M
K;491;N
K;491;P
K;491;Q
K;491;R
K;491;S
K;491;T
K;491;V
K;491;W
K;491;Y
R;459;A
R;459;C
R;459;D
R;459;E
R;459;F
R;459;G
R;459;H
R;459;I
R;459;K
R;459;L
R;459;M
R;459;N
R;459;P
R;459;Q
R;459;S
R;459;T
R;459;V
R;459;W
R;459;Y
N;453;A
N;453;C
N;453;D
N;453;E
N;453;F
N;453;G
N;453;H
N;453;I
N;453;K
N;453;L
N;453;M
N;453;P
N;453;Q
N;453;R
N;453;S
N;453;T
N;453;V
N;453;W
N;453;Y
E;504;A
E;504;C
E;504;D
E;504;F
E;504;G
E;504;H
E;504;I
E;504;K
E;504;L
E;504;M
E;504;N
E;504;P
E;504;Q
E;504;R
E;504;S
E;504;T
E;504;V
E;504;W
E;504;Y
C;496;A
C;496;D
C;496;E
C;496;F
C;496;G
C;496;H
C;496;I
C;496;K
C;496;L
C;496;M
C;496;N
C;496;P
C;496;Q
C;496;R
C;496;S
C;496;T
C;496;V
C;496;W
C;496;Y
I;450;A
I;450;C
I;450;D
I;450;E
I;450;F
I;450;G
I;450;H
I;450;K
I;450;L
I;450;M
I;450;N
I;450;P
I;450;Q
I;450;R
I;450;S
I;450;T
I;450;V
I;450;W
I;450;Y
C;502;A
C;502;D
C;502;E
C;502;F
C;502;G
C;502;H
C;502;I
C;502;K
C;502;L
C;502;M
C;502;N
C;502;P
C;502;Q
C;502;R
C;502;S
C;502;T
C;502;V
C;502;W
C;502;Y
S;462;A
S;462;C
S;462;D
S;462;E
S;462;F
S;462;G
S;462;H
S;462;I
S;462;K
S;462;L
S;462;M
S;462;N
S;462;P
S;462;Q
S;462;R
S;462;T
S;462;V
S;462;W
S;462;Y
P;460;A
P;460;C
P;460;D
P;460;E
P;460;F
P;460;G
P;460;H
P;460;I
P;460;K
P;460;L
P;460;M
P;460;N
P;460;Q
P;460;R
P;460;S
P;460;T
P;460;V
P;460;W
P;460;Y
E;472;A
E;472;C
E;472;D
E;472;F
E;472;G
E;472;H
E;472;I
E;472;K
E;472;L
E;472;M
E;472;N
E;472;P
E;472;Q
E;472;R
E;472;S
E;472;T
E;472;V
E;472;W
E;472;Y
Y;487;A
Y;487;C
Y;487;D
Y;487;E
Y;487;F
Y;487;G
Y;487;H
Y;487;I
Y;487;K
Y;487;L
Y;487;M
Y;487;N
Y;487;P
Y;487;Q
Y;487;R
Y;487;S
Y;487;T
Y;487;V
Y;487;W
L;482;A
L;482;C
L;482;D
L;482;E
L;482;F
L;482;G
L;482;H
L;482;I
L;482;K
L;482;M
L;482;N
L;482;P
L;482;Q
L;482;R
L;482;S
L;482;T
L;482;V
L;482;W
L;482;Y
F;471;A
F;471;C
F;471;D
F;471;E
F;471;G
F;471;H
F;471;I
F;471;K
F;471;L
F;471;M
F;471;N
F;471;P
F;471;Q
F;471;R
F;471;S
F;471;T
F;471;V
F;471;W
F;471;Y
H;489;A
H;489;C
H;489;D
H;489;E
H;489;F
H;489;G
H;489;I
H;489;K
H;489;L
H;489;M
H;489;N
H;489;P
H;489;Q
H;489;R
H;489;S
H;489;T
H;489;V
H;489;W
H;489;Y
E;457;A
E;457;C
E;457;D
E;457;F
E;457;G
E;457;H
E;457;I
E;457;K
E;457;L
E;457;M
E;457;N
E;457;P
E;457;Q
E;457;R
E;457;S
E;457;T
E;457;V
E;457;W
E;457;Y
I;470;A
I;470;C
I;470;D
I;470;E
I;470;F
I;470;G
I;470;H
I;470;K
I;470;L
I;470;M
I;470;N
I;470;P
I;470;Q
I;470;R
I;470;S
I;470;T
I;470;V
I;470;W
I;470;Y
A;476;C
A;476;D
A;476;E
A;476;F
A;476;G
A;476;H
A;476;I
A;476;K
A;476;L
A;476;M
A;476;N
A;476;P
A;476;Q
A;476;R
A;476;S
A;476;T
A;476;V
A;476;W
A;476;Y
