L;232;A
L;232;C
L;232;D
L;232;E
L;232;F
L;232;G
L;232;H
L;232;I
L;232;K
L;232;M
L;232;N
L;232;P
L;232;Q
L;232;R
L;232;S
L;232;T
L;232;V
L;232;W
L;232;Y
K;343;A
K;343;C
K;343;D
K;343;E
K;343;F
K;343;G
K;343;H
K;343;I
K;343;L
K;343;M
K;343;N
K;343;P
K;343;Q
K;343;R
K;343;S
K;343;T
K;343;V
K;343;W
K;343;Y
M;300;A
M;300;C
M;300;D
M;300;E
M;300;F
M;300;G
M;300;H
M;300;I
M;300;K
M;300;L
M;300;N
M;300;P
M;300;Q
M;300;R
M;300;S
M;300;T
M;300;V
M;300;W
M;300;Y
I;276;A
I;276;C
I;276;D
I;276;E
I;276;F
I;276;G
I;276;H
I;276;K
I;276;L
I;276;M
I;276;N
I;276;P
I;276;Q
I;276;R
I;276;S
I;276;T
I;276;V
I;276;W
I;276;Y
I;188;A
I;188;C
I;188;D
I;188;E
I;188;F
I;188;G
I;188;H
I;188;K
I;188;L
I;188;M
I;188;N
I;188;P
I;188;Q
I;188;R
I;188;S
I;188;T
I;188;V
I;188;W
I;188;Y
L;170;A
L;170;C
L;170;D
L;170;E
L;170;F
L;170;G
L;170;H
L;170;I
L;170;K
L;170;M
L;170;N
L;170;P
L;170;Q
L;170;R
L;170;S
L;170;T
L;170;V
L;170;W
L;170;Y
T;326;A
T;326;C
T;326;D
T;326;E
T;326;F
T;326;G
T;326;H
T;326;I
T;326;K
T;326;L
T;326;M
T;326;N
T;326;P
T;326;Q
T;326;R
T;326;S
T;326;V
T;326;W
T;326;Y
W;299;A
W;299;C
W;299;D
W;299;E
W;299;F
W;299;G
W;299;H
W;299;I
W;299;K
W;299;L
W;299;M
W;299;N
W;299;P
W;299;Q
W;299;R
W;299;S
W;299;T
W;299;V
W;299;Y
M;163;A
M;163;C
M;163;D
M;163;E
M;163;F
M;163;G
M;163;H
M;163;I
M;163;K
M;163;L
M;163;N
M;163;P
M;163;Q
M;163;R
M;163;S
M;163;T
M;163;V
M;163;W
M;163;Y
L;348;A
L;348;C
L;348;D
L;348;E
L;348;F
L;348;G
L;348;H
L;348;I
L;348;K
L;348;M
L;348;N
L;348;P
L;348;Q
L;348;R
L;348;S
L;348;T
L;348;V
L;348;W
L;348;Y
L;319;A
L;319;C
L;319;D
L;319;E
L;319;F
L;319;G
L;319;H
L;319;I
L;319;K
L;319;M
L;319;N
L;319;P
L;319;Q
L;319;R
L;319;S
L;319;T
L;319;V
L;319;W
L;319;Y
Q;199;A
Q;199;C
Q;199;D
Q;199;E
Q;199;F
Q;199;G
Q;199;H
Q;199;I
Q;199;K
Q;199;L
Q;199;M
Q;199;N
Q;199;P
Q;199;R
Q;199;S
Q;199;T
Q;199;V
Q;199;W
Q;199;Y
K;193;A
K;193;C
K;193;D
K;193;E
K;193;F
K;193;G
K;193;H
K;193;I
K;193;L
K;193;M
K;193;N
K;193;P
K;193;Q
K;193;R
K;193;S
K;193;T
K;193;V
K;193;W
K;193;Y
K;217;A
K;217;C
K;217;D
K;217;E
K;217;F
K;217;G
K;217;H
K;217;I
K;217;L
K;217;M
K;217;N
K;217;P
K;217;Q
K;217;R
K;217;S
K;217;T
K;217;V
K;217;W
K;217;Y
V;261;A
V;261;C
V;261;D
V;261;E
V;261;F
V;261;G
V;261;H
V;261;I
V;261;K
V;261;L
V;261;M
V;261;N
V;261;P
V;261;Q
V;261;R
V;261;S
V;261;T
V;261;W
V;261;Y
Y;243;A
Y;243;C
Y;243;D
Y;243;E
Y;243;F
Y;243;G
Y;243;H
Y;243;I
Y;243;K
Y;243;L
Y;243;M
Y;243;N
Y;243;P
Y;243;Q
Y;243;R
Y;243;S
Y;243;T
Y;243;V
Y;243;W
S;215;A
S;215;C
S;215;D
S;215;E
S;215;F
S;215;G
S;215;H
S;215;I
S;215;K
S;215;L
S;215;M
S;215;N
S;215;P
S;215;Q
S;215;R
S;215;T
S;215;V
S;215;W
S;215;Y
Y;277;A
Y;277;C
Y;277;D
Y;277;E
Y;277;F
Y;277;G
Y;277;H
Y;277;I
Y;277;K
Y;277;L
Y;277;M
Y;277;N
Y;277;P
Y;277;Q
Y;277;R
Y;277;S
Y;277;T
Y;277;V
Y;277;W
K;184;A
K;184;C
K;184;D
K;184;E
K;184;F
K;184;G
K;184;H
K;184;I
K;184;L
K;184;M
K;184;N
K;184;P
K;184;Q
K;184;R
K;184;S
K;184;T
K;184;V
K;184;W
K;184;Y
F;216;A
F;216;C
F;216;D
F;216;E
F;216;G
F;216;H
F;216;I
F;216;K
F;216;L
F;216;M
F;216;N
F;216;P
F;216;Q
F;216;R
F;216;S
F;216;T
F;216;V
F;216;W
F;216;Y
