E;374;A
E;374;C
E;374;D
E;374;F
E;374;G
E;374;H
E;374;I
E;374;K
E;374;L
E;374;M
E;374;N
E;374;P
E;374;Q
E;374;R
E;374;S
E;374;T
E;374;V
E;374;W
E;374;Y
E;466;A
E;466;C
E;466;D
E;466;F
E;466;G
E;466;H
E;466;I
E;466;K
E;466;L
E;466;M
E;466;N
E;466;P
E;466;Q
E;466;R
E;466;S
E;466;T
E;466;V
E;466;W
E;466;Y
R;431;A
R;431;C
R;431;D
R;431;E
R;431;F
R;431;G
R;431;H
R;431;I
R;431;K
R;431;L
R;431;M
R;431;N
R;431;P
R;431;Q
R;431;S
R;431;T
R;431;V
R;431;W
R;431;Y
S;412;A
S;412;C
S;412;D
S;412;E
S;412;F
S;412;G
S;412;H
S;412;I
S;412;K
S;412;L
S;412;M
S;412;N
S;412;P
S;412;Q
S;412;R
S;412;T
S;412;V
S;412;W
S;412;Y
W;303;A
W;303;C
W;303;D
W;303;E
W;303;F
W;303;G
W;303;H
W;303;I
W;303;K
W;303;L
W;303;M
W;303;N
W;303;P
W;303;Q
W;303;R
W;303;S
W;303;T
W;303;V
W;303;Y
L;286;A
L;286;C
L;286;D
L;286;E
L;286;F
L;286;G
L;286;H
L;286;I
L;286;K
L;286;M
L;286;N
L;286;P
L;286;Q
L;286;R
L;286;S
L;286;T
L;286;V
L;286;W
L;286;Y
L;454;A
L;454;C
L;454;D
L;454;E
L;454;F
L;454;G
L;454;H
L;454;I
L;454;K
L;454;M
L;454;N
L;454;P
L;454;Q
L;454;R
L;454;S
L;454;T
L;454;V
L;454;W
L;454;Y
M;429;A
M;429;C
M;429;D
M;429;E
M;429;F
M;429;G
M;429;H
M;429;I
M;429;K
M;429;L
M;429;N
M;429;P
M;429;Q
M;429;R
M;429;S
M;429;T
M;429;V
M;429;W
M;429;Y
N;281;A
N;281;C
N;281;D
N;281;E
N;281;F
N;281;G
N;281;H
N;281;I
N;281;K
N;281;L
N;281;M
N;281;P
N;281;Q
N;281;R
N;281;S
N;281;T
N;281;V
N;281;W
N;281;Y
L;470;A
L;470;C
L;470;D
L;470;E
L;470;F
L;470;G
L;470;H
L;470;I
L;470;K
L;470;M
L;470;N
L;470;P
L;470;Q
L;470;R
L;470;S
L;470;T
L;470;V
L;470;W
L;470;Y
L;448;A
L;448;C
L;448;D
L;448;E
L;448;F
L;448;G
L;448;H
L;448;I
L;448;K
L;448;M
L;448;N
L;448;P
L;448;Q
L;448;R
L;448;S
L;448;T
L;448;V
L;448;W
L;448;Y
K;308;A
K;308;C
K;308;D
K;308;E
K;308;F
K;308;G
K;308;H
K;308;I
K;308;L
K;308;M
K;308;N
K;308;P
K;308;Q
K;308;R
K;308;S
K;308;T
K;308;V
K;308;W
K;308;Y
K;304;A
K;304;C
K;304;D
K;304;E
K;304;F
K;304;G
K;304;H
K;304;I
K;304;L
K;304;M
K;304;N
K;304;P
K;304;Q
K;304;R
K;304;S
K;304;T
K;304;V
K;304;W
K;304;Y
T;323;A
T;323;C
T;323;D
T;323;E
T;323;F
T;323;G
T;323;H
T;323;I
T;323;K
T;323;L
T;323;M
T;323;N
T;323;P
T;323;Q
T;323;R
T;323;S
T;323;V
T;323;W
T;323;Y
T;399;A
T;399;C
T;399;D
T;399;E
T;399;F
T;399;G
T;399;H
T;399;I
T;399;K
T;399;L
T;399;M
T;399;N
T;399;P
T;399;Q
T;399;R
T;399;S
T;399;V
T;399;W
T;399;Y
L;384;A
L;384;C
L;384;D
L;384;E
L;384;F
L;384;G
L;384;H
L;384;I
L;384;K
L;384;M
L;384;N
L;384;P
L;384;Q
L;384;R
L;384;S
L;384;T
L;384;V
L;384;W
L;384;Y
F;321;A
F;321;C
F;321;D
F;321;E
F;321;G
F;321;H
F;321;I
F;321;K
F;321;L
F;321;M
F;321;N
F;321;P
F;321;Q
F;321;R
F;321;S
F;321;T
F;321;V
F;321;W
F;321;Y
Y;416;A
Y;416;C
Y;416;D
Y;416;E
Y;416;F
Y;416;G
Y;416;H
Y;416;I
Y;416;K
Y;416;L
Y;416;M
Y;416;N
Y;416;P
Y;416;Q
Y;416;R
Y;416;S
Y;416;T
Y;416;V
Y;416;W
H;299;A
H;299;C
H;299;D
H;299;E
H;299;F
H;299;G
H;299;I
H;299;K
H;299;L
H;299;M
H;299;N
H;299;P
H;299;Q
H;299;R
H;299;S
H;299;T
H;299;V
H;299;W
H;299;Y
S;325;A
S;325;C
S;325;D
S;325;E
S;325;F
S;325;G
S;325;H
S;325;I
S;325;K
S;325;L
S;325;M
S;325;N
S;325;P
S;325;Q
S;325;R
S;325;T
S;325;V
S;325;W
S;325;Y
