M;143;A
M;143;C
M;143;D
M;143;E
M;143;F
M;143;G
M;143;H
M;143;I
M;143;K
M;143;L
M;143;N
M;143;P
M;143;Q
M;143;R
M;143;S
M;143;T
M;143;V
M;143;W
M;143;Y
A;317;C
A;317;D
A;317;E
A;317;F
A;317;G
A;317;H
A;317;I
A;317;K
A;317;L
A;317;M
A;317;N
A;317;P
A;317;Q
A;317;R
A;317;S
A;317;T
A;317;V
A;317;W
A;317;Y
N;251;A
N;251;C
N;251;D
N;251;E
N;251;F
N;251;G
N;251;H
N;251;I
N;251;K
N;251;L
N;251;M
N;251;P
N;251;Q
N;251;R
N;251;S
N;251;T
N;251;V
N;251;W
N;251;Y
F;212;A
F;212;C
F;212;D
F;212;E
F;212;G
F;212;H
F;212;I
F;212;K
F;212;L
F;212;M
F;212;N
F;212;P
F;212;Q
F;212;R
F;212;S
F;212;T
F;212;V
F;212;W
F;212;Y
E;78;A
E;78;C
E;78;D
E;78;F
E;78;G
E;78;H
E;78;I
E;78;K
E;78;L
E;78;M
E;78;N
E;78;P
E;78;Q
E;78;R
E;78;S
E;78;T
E;78;V
E;78;W
E;78;Y
Q;46;A
Q;46;C
Q;46;D
Q;46;E
Q;46;F
Q;46;G
Q;46;H
Q;46;I
Q;46;K
Q;46;L
Q;46;M
Q;46;N
Q;46;P
Q;46;R
Q;46;S
Q;46;T
Q;46;V
Q;46;W
Q;46;Y
T;292;A
T;292;C
T;292;D
T;292;E
T;292;F
T;292;G
T;292;H
T;292;I
T;292;K
T;292;L
T;292;M
T;292;N
T;292;P
T;292;Q
T;292;R
T;292;S
T;292;V
T;292;W
T;292;Y
D;213;A
D;213;C
D;213;E
D;213;F
D;213;G
D;213;H
D;213;I
D;213;K
D;213;L
D;213;M
D;213;N
D;213;P
D;213;Q
D;213;R
D;213;S
D;213;T
D;213;V
D;213;W
D;213;Y
K;243;A
K;243;C
K;243;D
K;243;E
K;243;F
K;243;G
K;243;H
K;243;I
K;243;L
K;243;M
K;243;N
K;243;P
K;243;Q
K;243;R
K;243;S
K;243;T
K;243;V
K;243;W
K;243;Y
V;35;A
V;35;C
V;35;D
V;35;E
V;35;F
V;35;G
V;35;H
V;35;I
V;35;K
V;35;L
V;35;M
V;35;N
V;35;P
V;35;Q
V;35;R
V;35;S
V;35;T
V;35;W
V;35;Y
F;323;A
F;323;C
F;323;D
F;323;E
F;323;G
F;323;H
F;323;I
F;323;K
F;323;L
F;323;M
F;323;N
F;323;P
F;323;Q
F;323;R
F;323;S
F;323;T
F;323;V
F;323;W
F;323;Y
T;280;A
T;280;C
T;280;D
T;280;E
T;280;F
T;280;G
T;280;H
T;280;I
T;280;K
T;280;L
T;280;M
T;280;N
T;280;P
T;280;Q
T;280;R
T;280;S
T;280;V
T;280;W
T;280;Y
F;97;A
F;97;C
F;97;D
F;97;E
F;97;G
F;97;H
F;97;I
F;97;K
F;97;L
F;97;M
F;97;N
F;97;P
F;97;Q
F;97;R
F;97;S
F;97;T
F;97;V
F;97;W
F;97;Y
V;88;A
V;88;C
V;88;D
V;88;E
V;88;F
V;88;G
V;88;H
V;88;I
V;88;K
V;88;L
V;88;M
V;88;N
V;88;P
V;88;Q
V;88;R
V;88;S
V;88;T
V;88;W
V;88;Y
D;89;A
D;89;C
D;89;E
D;89;F
D;89;G
D;89;H
D;89;I
D;89;K
D;89;L
D;89;M
D;89;N
D;89;P
D;89;Q
D;89;R
D;89;S
D;89;T
D;89;V
D;89;W
D;89;Y
D;125;A
D;125;C
D;125;E
D;125;F
D;125;G
D;125;H
D;125;I
D;125;K
D;125;L
D;125;M
D;125;N
D;125;P
D;125;Q
D;125;R
D;125;S
D;125;T
D;125;V
D;125;W
D;125;Y
P;189;A
P;189;C
P;189;D
P;189;E
P;189;F
P;189;G
P;189;H
P;189;I
P;189;K
P;189;L
P;189;M
P;189;N
P;189;Q
P;189;R
P;189;S
P;189;T
P;189;V
P;189;W
P;189;Y
K;159;A
K;159;C
K;159;D
K;159;E
K;159;F
K;159;G
K;159;H
K;159;I
K;159;L
K;159;M
K;159;N
K;159;P
K;159;Q
K;159;R
K;159;S
K;159;T
K;159;V
K;159;W
K;159;Y
K;120;A
K;120;C
K;120;D
K;120;E
K;120;F
K;120;G
K;120;H
K;120;I
K;120;L
K;120;M
K;120;N
K;120;P
K;120;Q
K;120;R
K;120;S
K;120;T
K;120;V
K;120;W
K;120;Y
W;216;A
W;216;C
W;216;D
W;216;E
W;216;F
W;216;G
W;216;H
W;216;I
W;216;K
W;216;L
W;216;M
W;216;N
W;216;P
W;216;Q
W;216;R
W;216;S
W;216;T
W;216;V
W;216;Y
